Material;Pais1;Share1;WGI1;t1;MatRefinado;Pais2;Share2;WGI2;t2
Aluminium;na;0,00;0,00;0,00;Aluminium;China;0,52;5,83;1,10
Aluminium;na;0,00;0,00;0,00;Aluminium;Russian Federation;0,06;6,20;1,10
Aluminium;na;0,00;0,00;0,00;Aluminium;Other non EU;0,08;0,00;1,00
Aluminium;na;0,00;0,00;0,00;Aluminium;Canada;0,05;2,26;1,00
Aluminium;na;0,00;0,00;0,00;Aluminium;United Arab Emirates;0,04;3,94;1,00
Aluminium;na;0,00;0,00;0,00;Aluminium;India;0,04;5,45;1,00
Aluminium;na;0,00;0,00;0,00;Aluminium;Australia;0,03;2,36;1,00
Aluminium;na;0,00;0,00;0,00;Aluminium;United States;0,03;2,92;1,00
Aluminium;na;0,00;0,00;0,00;Aluminium;Norway;0,02;2,03;1,00
Aluminium;na;0,00;0,00;0,00;Aluminium;Brazil;0,02;5,08;1,00
Aluminium;na;0,00;0,00;0,00;Aluminium;Bahrain;0,02;5,15;1,00
Aluminium;na;0,00;0,00;0,00;Aluminium;Iceland;0,01;2,52;1,00
Aluminium;na;0,00;0,00;0,00;Aluminium;South Africa;0,01;4,65;1,00
Aluminium;na;0,00;0,00;0,00;Aluminium;Saudi Arabia;0,01;5,51;1,00
Aluminium;na;0,00;0,00;0,00;Aluminium;Qatar;0,01;4,03;1,00
Aluminium;na;0,00;0,00;0,00;Aluminium;Mozambique;0,01;5,93;1,00
Aluminium;na;0,00;0,00;0,00;Aluminium;Germany;0,01;2,47;0,80
Aluminium;na;0,00;0,00;0,00;Aluminium;Argentina;0,01;5,47;1,00
Aluminium;na;0,00;0,00;0,00;Aluminium;France;0,01;3,11;0,80
Aluminium;na;0,00;0,00;0,00;Aluminium;Spain;0,01;3,62;0,80
Aluminium;na;0,00;0,00;0,00;Aluminium;na;0,00;0,00;0,00
Aluminium;na;0,00;0,00;0,00;Aluminium;na;0,00;0,00;0,00
Aluminium;na;0,00;0,00;0,00;Aluminium;na;0,00;0,00;0,00
Aluminium;na;0,00;0,00;0,00;Aluminium;na;0,00;0,00;0,00
Aluminium;na;0,00;0,00;0,00;Aluminium;na;0,00;0,00;0,00
Aluminium;na;0,00;0,00;0,00;Aluminium;na;0,00;0,00;0,00
Aluminium;na;0,00;0,00;0,00;Aluminium;na;0,00;0,00;0,00
Antimony;China;0,74;5,83;1,10;Antimony;China;0,59;5,83;1,10
Antimony;Tajikistan;0,08;6,88;1,00;Antimony;Belgium;0,12;2,81;0,80
Antimony;Russian Federation;0,04;6,20;1,00;Antimony;France;0,04;3,11;0,80
Antimony;Myanmar;0,03;6,95;1,00;Antimony;Vietnam;0,03;5,75;1,00
Antimony;Bolivia;0,03;5,97;1,10;Antimony;Bolivia;0,03;5,97;1,10
Antimony;Australia;0,02;2,36;1,00;Antimony;Thailand;0,03;5,50;1,00
Antimony;Turkey;0,02;5,34;1,00;Antimony;Japan;0,02;2,77;1,00
Antimony;South Africa;0,01;4,65;1,00;Antimony;Other non EU;0,02;0,00;1,00
Antimony;Kyrgyz Republic;0,01;6,30;1,00;Antimony;India;0,02;5,45;1,00
Antimony;Kazakhstan;0,01;5,90;1,00;Antimony;Myanmar;0,01;6,95;1,00
Antimony;Other non EU;0,01;0,00;1,00;Antimony;Germany;0,01;2,47;0,80
Antimony;na;0,00;0,00;0,00;Antimony;United States;0,01;2,92;1,00
Antimony;na;0,00;0,00;0,00;Antimony;Korea, Rep.;0,01;3,74;1,00
Antimony;na;0,00;0,00;0,00;Antimony;Spain;0,01;3,62;0,80
Antimony;na;0,00;0,00;0,00;Antimony;Netherlands;0,01;2,19;0,80
Antimony;na;0,00;0,00;0,00;Antimony;Other EU;0,01;0,00;0,80
Antimony;na;0,00;0,00;0,00;Antimony;Mexico;0,01;5,33;1,00
Antimony;na;0,00;0,00;0,00;Antimony;United Kingdom;0,01;2,60;0,80
Antimony;na;0,00;0,00;0,00;Antimony;Tajikistan;0,01;6,88;1,00
Antimony;na;0,00;0,00;0,00;Antimony;na;0,00;0,00;0,00
Antimony;na;0,00;0,00;0,00;Antimony;na;0,00;0,00;0,00
Antimony;na;0,00;0,00;0,00;Antimony;na;0,00;0,00;0,00
Arsenic;na;0,00;0,00;0,00;Arsenic;China;0,57;5,83;1,00
Arsenic;na;0,00;0,00;0,00;Arsenic;Peru;0,13;5,30;1,00
Arsenic;na;0,00;0,00;0,00;Arsenic;Morocco;0,18;5,48;1,10
Arsenic;na;0,00;0,00;0,00;Arsenic;Namibia;0,06;4,44;1,00
Arsenic;na;0,00;0,00;0,00;Arsenic;Russian Federation;0,03;6,20;1,00
Arsenic;na;0,00;0,00;0,00;Arsenic;Belgium;0,02;2,81;0,80
Arsenic;na;0,00;0,00;0,00;Arsenic;Other non EU;0,01;0,00;1,00
Arsenic;na;0,00;0,00;0,00;Arsenic;na;0,00;0,00;0,00
Arsenic;na;0,00;0,00;0,00;Arsenic;na;0,00;0,00;0,00
Arsenic;na;0,00;0,00;0,00;Arsenic;na;0,00;0,00;0,00
Baryte;China;0,38;5,83;1,10;Baryte;na;0,00;0,00;0,00
Baryte;India;0,12;5,45;1,00;Baryte;na;0,00;0,00;0,00
Baryte;Morocco;0,10;5,48;1,00;Baryte;na;0,00;0,00;0,00
Baryte;Iran, Islamic Rep.;0,08;6,65;1,00;Baryte;na;0,00;0,00;0,00
Baryte;Kazakhstan;0,07;5,90;1,00;Baryte;na;0,00;0,00;0,00
Baryte;Turkey;0,06;5,34;1,00;Baryte;na;0,00;0,00;0,00
Baryte;United States;0,06;2,92;1,00;Baryte;na;0,00;0,00;0,00
Baryte;Other non EU;0,03;0,00;1,00;Baryte;na;0,00;0,00;0,00
Baryte;Russian Federation;0,02;6,20;1,00;Baryte;na;0,00;0,00;0,00
Baryte;Mexico;0,02;5,33;1,00;Baryte;na;0,00;0,00;0,00
Baryte;Thailand;0,01;5,50;1,00;Baryte;na;0,00;0,00;0,00
Baryte;Pakistan;0,01;6,78;1,00;Baryte;na;0,00;0,00;0,00
Baryte;Vietnam;0,01;5,75;1,00;Baryte;na;0,00;0,00;0,00
Baryte;Other EU;0,01;0,00;0,80;Baryte;na;0,00;0,00;0,00
Baryte;Germany;0,01;2,47;0,80;Baryte;na;0,00;0,00;0,00
Baryte;Peru;0,01;5,30;1,00;Baryte;na;0,00;0,00;0,00
Bauxite;Australia;0,28;2,36;1,00;Bauxite;na;0,00;0,00;0,00
Bauxite;China;0,20;5,83;1,20;Bauxite;na;0,00;0,00;0,00
Bauxite;Brazil;0,13;5,08;1,00;Bauxite;na;0,00;0,00;0,00
Bauxite;India;0,08;5,45;1,10;Bauxite;na;0,00;0,00;0,00
Bauxite;Guinea;0,08;6,72;1,10;Bauxite;na;0,00;0,00;0,00
Bauxite;Indonesia;0,07;5,47;1,10;Bauxite;na;0,00;0,00;0,00
Bauxite;Jamaica;0,03;4,85;1,00;Bauxite;na;0,00;0,00;0,00
Bauxite;Malaysia;0,03;4,39;1,00;Bauxite;na;0,00;0,00;0,00
Bauxite;Russian Federation;0,02;6,20;1,00;Bauxite;na;0,00;0,00;0,00
Bauxite;Kazakhstan;0,02;5,90;1,00;Bauxite;na;0,00;0,00;0,00
Bauxite;Saudi Arabia;0,01;5,51;1,00;Bauxite;na;0,00;0,00;0,00
Bauxite;Suriname;0,01;5,16;1,00;Bauxite;na;0,00;0,00;0,00
Bauxite;Greece;0,01;4,60;0,80;Bauxite;na;0,00;0,00;0,00
Bauxite;Guyana;0,01;5,56;1,00;Bauxite;na;0,00;0,00;0,00
Bauxite;Venezuela, Rb;0,01;7,30;1,00;Bauxite;na;0,00;0,00;0,00
Bauxite;Other EU;0,01;0,00;0,80;Bauxite;na;0,00;0,00;0,00
Bauxite;na;0,00;0,00;0,00;Bauxite;na;0,00;0,00;0,00
Bauxite;na;0,00;0,00;0,00;Bauxite;na;0,00;0,00;0,00
Bauxite;na;0,00;0,00;0,00;Bauxite;na;0,00;0,00;0,00
Bentonite;United States;0,26;2,92;1,00;Bentonite;na;0,00;0,00;0,00
Bentonite;China;0,21;5,83;1,00;Bentonite;na;0,00;0,00;0,00
Bentonite;Turkey;0,09;5,34;1,00;Bentonite;na;0,00;0,00;0,00
Bentonite;India;0,08;5,45;1,00;Bentonite;na;0,00;0,00;0,00
Bentonite;Greece;0,06;4,60;0,80;Bentonite;na;0,00;0,00;0,00
Bentonite;Other non EU;0,06;0,00;1,00;Bentonite;na;0,00;0,00;0,00
Bentonite;Russian federation;0,04;6,20;1,00;Bentonite;na;0,00;0,00;0,00
Bentonite;Mexico;0,03;5,33;1,00;Bentonite;na;0,00;0,00;0,00
Bentonite;Japan;0,03;2,77;1,00;Bentonite;na;0,00;0,00;0,00
Bentonite;Iran, Islamic Rep.;0,03;6,65;1,00;Bentonite;na;0,00;0,00;0,00
Bentonite;Other EU;0,02;0,00;0,80;Bentonite;na;0,00;0,00;0,00
Bentonite;Germany;0,02;2,47;0,80;Bentonite;na;0,00;0,00;0,00
Bentonite;Brazil;0,02;5,08;1,00;Bentonite;na;0,00;0,00;0,00
Bentonite;Czech Republic;0,02;3,47;0,80;Bentonite;na;0,00;0,00;0,00
Bentonite;Ukraine;0,01;6,23;1,00;Bentonite;na;0,00;0,00;0,00
Bentonite;Argentina;0,01;5,47;1,00;Bentonite;na;0,00;0,00;0,00
Bentonite;Slovakia;0,01;3,79;0,80;Bentonite;na;0,00;0,00;0,00
Beryllium;United States;0,88;2,92;1,00;Beryllium;United States;0,50;2,92;1,00
Beryllium;China;0,08;5,83;1,00;Beryllium;Kazakhstan;0,25;5,90;1,00
Beryllium;Madagascar;0,02;6,26;1,00;Beryllium;Japan;0,17;2,77;1,00
Beryllium;Mozambique;0,01;5,93;1,00;Beryllium;China;0,08;5,83;1,00
Beryllium;Other non EU;0,01;0,00;1,00;Beryllium;na;0,00;0,00;0,00
Bismuth;na;0,00;0,00;0,00;Bismuth;China;0,80;5,83;1,00
Bismuth;na;0,00;0,00;0,00;Bismuth;Belgium;0,05;2,81;0,80
Bismuth;na;0,00;0,00;0,00;Bismuth;Lao Pdr;0,04;6,25;1,00
Bismuth;na;0,00;0,00;0,00;Bismuth;Mexico;0,04;5,33;1,00
Bismuth;na;0,00;0,00;0,00;Bismuth;Japan;0,03;2,77;1,00
Bismuth;na;0,00;0,00;0,00;Bismuth;Korea, Rep.;0,02;3,74;1,00
Bismuth;na;0,00;0,00;0,00;Bismuth;Peru;0,01;5,30;1,00
Bismuth;na;0,00;0,00;0,00;Bismuth;Kazakhstan;0,01;5,90;1,00
Bismuth;na;0,00;0,00;0,00;Bismuth;na;0,00;0,00;0,00
Bismuth;na;0,00;0,00;0,00;Bismuth;na;0,00;0,00;0,00
Borate;Turkey;0,43;5,34;1,00;Borate;United States;0,67;2,92;1,00
Borate;United States;0,25;2,92;1,00;Borate;Chile;0,09;3,11;1,00
Borate;Chile;0,11;3,11;1,00;Borate;Russian Federation;0,07;6,20;1,00
Borate;Argentina;0,07;5,47;1,10;Borate;Malaysia;0,04;4,39;1,00
Borate;Peru;0,05;5,30;1,00;Borate;Peru;0,04;5,30;1,00
Borate;China;0,04;5,83;1,00;Borate;Argentina;0,03;5,47;1,10
Borate;Bolivia;0,03;5,97;1,10;Borate;Bolivia;0,02;5,97;1,10
Borate;Russian Federation;0,01;6,20;1,00;Borate;Other non EU;0,02;0,00;1,00
Borate;Kazakhstan;0,01;5,90;1,00;Borate;China;0,01;5,83;1,00
Borate;na;0,00;0,00;0,00;Borate;Turkey;0,01;5,34;1,00
Cadmium;na;0,00;0,00;0,00;Cadmium;China;0,33;5,83;1,00
Cadmium;na;0,00;0,00;0,00;Cadmium;Korea, Rep.;0,17;3,74;1,00
Cadmium;na;0,00;0,00;0,00;Cadmium;Japan;0,08;2,77;1,00
Cadmium;na;0,00;0,00;0,00;Cadmium;Kazakhstan;0,07;5,90;1,00
Cadmium;na;0,00;0,00;0,00;Cadmium;Canada;0,06;2,26;1,00
Cadmium;na;0,00;0,00;0,00;Cadmium;Mexico;0,06;5,33;1,00
Cadmium;na;0,00;0,00;0,00;Cadmium;Russian Federation;0,04;6,20;1,00
Cadmium;na;0,00;0,00;0,00;Cadmium;Peru;0,03;5,30;1,00
Cadmium;na;0,00;0,00;0,00;Cadmium;Netherlands;0,02;2,19;0,80
Cadmium;na;0,00;0,00;0,00;Cadmium;United States;0,02;2,92;1,00
Cadmium;na;0,00;0,00;0,00;Cadmium;Germany;0,02;2,47;0,80
Cadmium;na;0,00;0,00;0,00;Cadmium;Poland;0,02;3,60;0,80
Cadmium;na;0,00;0,00;0,00;Cadmium;Bulgaria;0,02;4,73;0,80
Cadmium;na;0,00;0,00;0,00;Cadmium;Uzbekistan;0,01;6,98;1,00
Cadmium;na;0,00;0,00;0,00;Cadmium;Norway;0,01;2,03;1,00
Cadmium;na;0,00;0,00;0,00;Cadmium;Brazil;0,01;5,08;1,00
Cadmium;na;0,00;0,00;0,00;Cadmium;Korea, Dem. Rep.;0,01;7,74;1,00
Cadmium;na;0,00;0,00;0,00;Cadmium;India;0,01;5,45;1,00
Cadmium;na;0,00;0,00;0,00;Cadmium;Other non EU;0,01;0,00;1,00
Cadmium;na;0,00;0,00;0,00;Cadmium;na;0,00;0,00;0,00
Cerium;China;0,86;5,83;1,59;Cerium;na;0,00;0,00;0,00
Cerium;Australia;0,06;2,36;1,00;Cerium;na;0,00;0,00;0,00
Cerium;United States;0,02;2,92;1,00;Cerium;na;0,00;0,00;0,00
Cerium;Russian Federation;0,02;6,20;1,00;Cerium;na;0,00;0,00;0,00
Cerium;India;0,01;5,45;1,00;Cerium;na;0,00;0,00;0,00
Cerium;Brazil;0,01;5,08;1,00;Cerium;na;0,00;0,00;0,00
Cerium;Thailand;0,01;5,50;1,00;Cerium;na;0,00;0,00;0,00
Cerium;Malaysia;0,01;4,39;1,00;Cerium;na;0,00;0,00;0,00
Cerium;na;0,00;0,00;0,00;Cerium;na;0,00;0,00;0,00
Chromium;South Africa;0,46;4,65;1,00;Chromium;China;0,00;0,00;0,00
Chromium;Kazakhstan;0,16;5,90;1,00;Chromium;South Africa;0,00;0,00;0,00
Chromium;Turkey;0,13;5,34;1,00;Chromium;Kazakhstan;0,00;0,00;0,00
Chromium;India;0,10;5,45;1,20;Chromium;India;0,00;0,00;0,00
Chromium;Finland;0,04;1,98;0,80;Chromium;Other non EU;0,00;0,00;0,00
Chromium;Albania;0,02;5,16;1,00;Chromium;Finland;0,00;0,00;0,00
Chromium;Oman;0,02;4,70;1,00;Chromium;Russian Federation;0,00;0,00;0,00
Chromium;Russian Federation;0,02;6,20;1,00;Chromium;Other EU;0,00;0,00;0,00
Chromium;Brazil;0,02;5,08;1,00;Chromium;na;0,00;0,00;0,00
Chromium;Iran, Islamic Rep.;0,01;6,65;1,00;Chromium;na;0,00;0,00;0,00
Chromium;Zimbabwe;0,01;7,17;1,01;Chromium;na;0,00;0,00;0,00
Chromium;Others;0,01;0,00;1,00;Chromium;na;0,00;0,00;0,00
Chromium;na;0,00;0,00;0,00;Chromium;na;0,00;0,00;0,00
Chromium;na;0,00;0,00;0,00;Chromium;na;0,00;0,00;0,00
Chromium;na;0,00;0,00;0,00;Chromium;na;0,00;0,00;0,00
Chromium;na;0,00;0,00;0,00;Chromium;na;0,00;0,00;0,00
Chromium;na;0,00;0,00;0,00;Chromium;na;0,00;0,00;0,00
Chromium;na;0,00;0,00;0,00;Chromium;na;0,00;0,00;0,00
Chromium;na;0,00;0,00;0,00;Chromium;na;0,00;0,00;0,00
Chromium;na;0,00;0,00;0,00;Chromium;na;0,00;0,00;0,00
Chromium;na;0,00;0,00;0,00;Chromium;na;0,00;0,00;0,00
Chromium;na;0,00;0,00;0,00;Chromium;na;0,00;0,00;0,00
Chromium;na;0,00;0,00;0,00;Chromium;na;0,00;0,00;0,00
Cobalt;Congo, D.R.;0,59;7,60;1,10;Cobalt;China;0,49;5,83;1,10
Cobalt;China;0,07;5,83;1,10;Cobalt;Finland;0,12;1,98;0,80
Cobalt;Canada;0,05;2,26;1,00;Cobalt;Canada;0,06;2,26;1,00
Cobalt;Australia;0,04;2,36;1,00;Cobalt;Australia;0,05;2,36;1,00
Cobalt;Zambia;0,04;5,40;1,10;Cobalt;Zambia;0,05;5,40;1,00
Cobalt;New Caledonia;0,03;3,23;1,00;Cobalt;Japan;0,04;2,77;1,00
Cobalt;Cuba;0,03;5,87;1,00;Cobalt;Norway;0,03;2,03;1,00
Cobalt;Philippines;0,02;5,49;1,00;Cobalt;Madagascar;0,03;6,26;1,00
Cobalt;Madagascar;0,02;6,26;1,00;Cobalt;Russian Federation;0,03;6,20;1,00
Cobalt;Brazil;0,02;5,08;1,00;Cobalt;Congo, D.R.;0,03;7,60;1,10
Cobalt;Russian Federation;0,02;6,20;1,00;Cobalt;Morocco;0,02;5,48;1,00
Cobalt;Finland;0,01;1,98;0,80;Cobalt;Belgium;0,02;2,81;0,80
Cobalt;Indonesia;0,01;5,47;1,10;Cobalt;Brazil;0,01;5,08;1,00
Cobalt;Papua New Guinea;0,01;5,94;1,00;Cobalt;South Africa;0,01;4,65;1,00
Cobalt;Morocco;0,01;5,48;1,00;Cobalt;Uganda;0,01;5,99;1,00
Cobalt;South Africa;0,01;4,65;1,00;Cobalt;na;0,00;0,00;0,00
Cobalt;Other non EU;0,02;0,00;1,00;Cobalt;na;0,00;0,00;0,00
Cobalt;na;0,00;0,00;0,00;Cobalt;na;0,00;0,00;0,00
Cobalt;na;0,00;0,00;0,00;Cobalt;na;0,00;0,00;0,00
Cobalt;na;0,00;0,00;0,00;Cobalt;na;0,00;0,00;0,00
Cobalt;na;0,00;0,00;0,00;Cobalt;na;0,00;0,00;0,00
Coking coal;China;0,55;5,83;1,55;Coking coal;China;0,00;0,00;0,00
Coking coal;Australia;0,16;2,36;1,00;Coking coal;Russian Federation;0,00;0,00;0,00
Coking coal;Russian Federation;0,07;6,20;1,00;Coking coal;Japan;0,00;0,00;0,00
Coking coal;United States;0,06;2,92;1,00;Coking coal;India;0,00;0,00;0,00
Coking coal;India;0,05;5,45;1,00;Coking coal;Other non EU;0,00;0,00;0,00
Coking coal;Canada;0,03;2,26;1,00;Coking coal;United States;0,00;0,00;0,00
Coking coal;Other non EU;0,04;0,00;1,00;Coking coal;Korea, Rep.;0,00;0,00;0,00
Coking coal;Kazakhstan;0,01;5,90;1,00;Coking coal;Other EU;0,00;0,00;0,00
Coking coal;Ukraine;0,01;6,23;1,00;Coking coal;na;0,00;0,00;0,00
Coking coal;Poland;0,01;3,60;0,80;Coking coal;na;0,00;0,00;0,00
Coking coal;Mongolia;0,01;5,18;1,10;Coking coal;na;0,00;0,00;0,00
Coking coal;na;0,00;0,00;0,00;Coking coal;na;0,00;0,00;0,00
Coking coal;na;0,00;0,00;0,00;Coking coal;na;0,00;0,00;0,00
Coking coal;na;0,00;0,00;0,00;Coking coal;na;0,00;0,00;0,00
Coking coal;na;0,00;0,00;0,00;Coking coal;na;0,00;0,00;0,00
Coking coal;na;0,00;0,00;0,00;Coking coal;na;0,00;0,00;0,00
Coking coal;na;0,00;0,00;0,00;Coking coal;na;0,00;0,00;0,00
Coking coal;na;0,00;0,00;0,00;Coking coal;na;0,00;0,00;0,00
Coking coal;na;0,00;0,00;0,00;Coking coal;na;0,00;0,00;0,00
Coking coal;na;0,00;0,00;0,00;Coking coal;na;0,00;0,00;0,00
Coking coal;na;0,00;0,00;0,00;Coking coal;na;0,00;0,00;0,00
Coking coal;na;0,00;0,00;0,00;Coking coal;na;0,00;0,00;0,00
Coking coal;na;0,00;0,00;0,00;Coking coal;na;0,00;0,00;0,00
Coking coal;na;0,00;0,00;0,00;Coking coal;na;0,00;0,00;0,00
Coking coal;na;0,00;0,00;0,00;Coking coal;na;0,00;0,00;0,00
Coking coal;na;0,00;0,00;0,00;Coking coal;na;0,00;0,00;0,00
Coking coal;na;0,00;0,00;0,00;Coking coal;na;0,00;0,00;0,00
Copper;Chile;0,30;3,11;1,00;Copper;China;0,00;0,00;0,00
Copper;China;0,09;5,83;1,10;Copper;Chile;0,00;0,00;0,00
Copper;Peru;0,09;5,30;1,00;Copper;Japan;0,00;0,00;0,00
Copper;United States;0,07;2,92;1,00;Copper;United States;0,00;0,00;0,00
Copper;Australia;0,05;2,36;1,00;Copper;Russian federation;0,00;0,00;0,00
Copper;Congo, D.R.;0,05;7,60;1,10;Copper;India;0,00;0,00;0,00
Copper;Other non EU;0,03;0,00;1,00;Copper;Congo, D.R.;0,00;0,00;0,00
Copper;Zambia;0,04;5,40;1,00;Copper;Germany;0,00;0,00;0,00
Copper;Russian federation;0,04;6,20;1,00;Copper;Korea, Rep.;0,00;0,00;0,00
Copper;Canada;0,04;2,26;1,00;Copper;Poland;0,00;0,00;0,00
Copper;Mexico;0,03;5,33;1,00;Copper;Other non EU;0,00;0,00;0,00
Copper;Indonesia;0,03;5,47;1,20;Copper;Zambia;0,00;0,00;0,00
Copper;Kazakhstan;0,02;5,90;1,00;Copper;Australia;0,00;0,00;0,00
Copper;Poland;0,02;3,60;0,80;Copper;Mexico;0,00;0,00;0,00
Copper;Brazil;0,02;5,08;1,00;Copper;Spain;0,00;0,00;0,00
Copper;Mongolia;0,01;5,18;1,20;Copper;Belgium;0,00;0,00;0,00
Copper;Iran, Islamic Rep.;0,01;6,65;1,00;Copper;Kazakhstan;0,00;0,00;0,00
Copper;Lao Pdr;0,01;6,25;1,00;Copper;Peru;0,00;0,00;0,00
Copper;na;0,00;0,00;0,00;Copper;Canada;0,00;0,00;0,00
Copper;Spain;0,01;3,62;0,80;Copper;Bulgaria;0,00;0,00;0,00
Copper;Bulgaria;0,01;4,73;0,80;Copper;Brazil;0,00;0,00;0,00
Copper;Turkey;0,01;5,34;1,00;Copper;Indonesia;0,00;0,00;0,00
Copper;Uzbekistan;0,01;6,98;1,00;Copper;Sweden;0,00;0,00;0,00
Copper;Argentina;0,01;5,47;1,10;Copper;Iran, Islamic Rep.;0,00;0,00;0,00
Copper;na;0,00;0,00;0,00;Copper;Philippines;0,00;0,00;0,00
Copper;na;0,00;0,00;0,00;Copper;Finland;0,00;0,00;0,00
Copper;na;0,00;0,00;0,00;Copper;na;0,00;0,00;0,00
Diatomite;United States;0,35;2,92;1,00;Diatomite;na;0,00;0,00;0,00
Diatomite;China;0,19;5,83;1,00;Diatomite;na;0,00;0,00;0,00
Diatomite;Argentina;0,10;5,47;1,00;Diatomite;na;0,00;0,00;0,00
Diatomite;Denmark;0,05;2,11;0,80;Diatomite;na;0,00;0,00;0,00
Diatomite;Peru;0,05;5,30;1,00;Diatomite;na;0,00;0,00;0,00
Diatomite;Japan;0,04;2,77;1,00;Diatomite;na;0,00;0,00;0,00
Diatomite;Mexico;0,04;5,33;1,00;Diatomite;na;0,00;0,00;0,00
Diatomite;France;0,04;3,11;0,80;Diatomite;na;0,00;0,00;0,00
Diatomite;Turkey;0,03;5,34;1,00;Diatomite;na;0,00;0,00;0,00
Diatomite;Other non EU;0,05;0,00;1,00;Diatomite;na;0,00;0,00;0,00
Diatomite;Spain;0,02;3,62;0,80;Diatomite;na;0,00;0,00;0,00
Diatomite;Czech Republic;0,01;3,47;0,80;Diatomite;na;0,00;0,00;0,00
Diatomite;Korea, Rep.;0,01;3,74;1,00;Diatomite;na;0,00;0,00;0,00
Diatomite;Chile;0,01;3,11;1,00;Diatomite;na;0,00;0,00;0,00
Diatomite;Armenia;0,01;5,41;1,00;Diatomite;na;0,00;0,00;0,00
Diatomite;na;0,00;0,00;0,00;Diatomite;na;0,00;0,00;0,00
Dysprosium;China;0,86;5,83;1,59;Dysprosium;na;0,00;0,00;0,00
Dysprosium;Australia;0,06;2,36;1,00;Dysprosium;na;0,00;0,00;0,00
Dysprosium;United States;0,02;2,92;1,00;Dysprosium;na;0,00;0,00;0,00
Dysprosium;Russian Federation;0,02;6,20;1,00;Dysprosium;na;0,00;0,00;0,00
Dysprosium;India;0,01;5,45;1,00;Dysprosium;na;0,00;0,00;0,00
Dysprosium;Brazil;0,01;5,08;1,00;Dysprosium;na;0,00;0,00;0,00
Dysprosium;Thailand;0,01;5,50;1,00;Dysprosium;na;0,00;0,00;0,00
Dysprosium;Malaysia;0,01;4,39;1,00;Dysprosium;na;0,00;0,00;0,00
Dysprosium;na;0,00;0,00;0,00;Dysprosium;na;0,00;0,00;0,00
Erbium;China;0,86;5,83;1,59;Erbium;na;0,00;0,00;0,00
Erbium;Australia;0,06;2,36;1,00;Erbium;na;0,00;0,00;0,00
Erbium;United States;0,02;2,92;1,00;Erbium;na;0,00;0,00;0,00
Erbium;Russian Federation;0,02;6,20;1,00;Erbium;na;0,00;0,00;0,00
Erbium;India;0,01;5,45;1,00;Erbium;na;0,00;0,00;0,00
Erbium;Brazil;0,01;5,08;1,00;Erbium;na;0,00;0,00;0,00
Erbium;Thailand;0,01;5,50;1,00;Erbium;na;0,00;0,00;0,00
Erbium;Malaysia;0,01;4,39;1,00;Erbium;na;0,00;0,00;0,00
Erbium;na;0,00;0,00;0,00;Erbium;na;0,00;0,00;0,00
Europium;China;0,86;5,83;1,59;Europium;na;0,00;0,00;0,00
Europium;Australia;0,06;2,36;1,00;Europium;na;0,00;0,00;0,00
Europium;United States;0,02;2,92;1,00;Europium;na;0,00;0,00;0,00
Europium;Russian Federation;0,02;6,20;1,00;Europium;na;0,00;0,00;0,00
Europium;India;0,01;5,45;1,00;Europium;na;0,00;0,00;0,00
Europium;Brazil;0,01;5,08;1,00;Europium;na;0,00;0,00;0,00
Europium;Thailand;0,01;5,50;1,00;Europium;na;0,00;0,00;0,00
Europium;Malaysia;0,01;4,39;1,00;Europium;na;0,00;0,00;0,00
Europium;na;0,00;0,00;0,00;Europium;na;0,00;0,00;0,00
Feldspar;Turkey;0,32;5,34;1,00;Feldspar;na;0,00;0,00;0,00
Feldspar;China;0,10;5,83;1,00;Feldspar;na;0,00;0,00;0,00
Feldspar;Italy;0,08;4,17;0,80;Feldspar;na;0,00;0,00;0,00
Feldspar;India;0,05;5,45;1,00;Feldspar;na;0,00;0,00;0,00
Feldspar;Indonesia;0,05;5,47;1,00;Feldspar;na;0,00;0,00;0,00
Feldspar;Thailand;0,05;5,50;1,00;Feldspar;na;0,00;0,00;0,00
Feldspar;Iran, Islamic Rep.;0,04;6,65;1,00;Feldspar;na;0,00;0,00;0,00
Feldspar;Canada;0,02;2,26;1,00;Feldspar;na;0,00;0,00;0,00
Feldspar;Other non EU;0,02;0,00;1,00;Feldspar;na;0,00;0,00;0,00
Feldspar;France;0,02;3,11;0,80;Feldspar;na;0,00;0,00;0,00
Feldspar;Spain;0,02;3,62;0,80;Feldspar;na;0,00;0,00;0,00
Feldspar;United States;0,02;2,92;1,00;Feldspar;na;0,00;0,00;0,00
Feldspar;Poland;0,02;3,60;0,80;Feldspar;na;0,00;0,00;0,00
Feldspar;Russian Federation;0,02;6,20;1,00;Feldspar;na;0,00;0,00;0,00
Feldspar;Korea, Rep.;0,02;3,74;1,00;Feldspar;na;0,00;0,00;0,00
Feldspar;Czech Republic;0,02;3,47;0,80;Feldspar;na;0,00;0,00;0,00
Feldspar;Brazil;0,01;5,08;1,00;Feldspar;na;0,00;0,00;0,00
Feldspar;Malaysia;0,01;4,39;1,00;Feldspar;na;0,00;0,00;0,00
Feldspar;Germany;0,01;2,47;0,80;Feldspar;na;0,00;0,00;0,00
Feldspar;Norway;0,01;2,03;1,00;Feldspar;na;0,00;0,00;0,00
Feldspar;Other EU;0,01;0,00;0,80;Feldspar;na;0,00;0,00;0,00
Feldspar;Argentina;0,01;5,47;1,00;Feldspar;na;0,00;0,00;0,00
Feldspar;Algeria;0,01;6,43;1,00;Feldspar;na;0,00;0,00;0,00
Feldspar;Ecuador;0,01;5,99;1,00;Feldspar;na;0,00;0,00;0,00
Feldspar;Egypt, Arab Rep.;0,01;6,48;1,00;Feldspar;na;0,00;0,00;0,00
Feldspar;Mexico;0,01;5,33;1,00;Feldspar;na;0,00;0,00;0,00
Feldspar;Japan;0,01;2,77;1,00;Feldspar;na;0,00;0,00;0,00
Feldspar;Vietnam;0,01;5,75;1,00;Feldspar;na;0,00;0,00;0,00
Feldspar;Saudi Arabia;0,01;5,51;1,00;Feldspar;na;0,00;0,00;0,00
Feldspar;na;0,00;0,00;0,00;Feldspar;na;0,00;0,00;0,00
Fluorspar;China;0,64;5,83;1,10;Fluorspar;China;0,00;0,00;0,00
Fluorspar;Mexico;0,15;5,33;1,00;Fluorspar;Mexico;0,00;0,00;0,00
Fluorspar;Mongolia;0,05;5,18;1,10;Fluorspar;Singapore;0,00;0,00;0,00
Fluorspar;South Africa;0,03;4,65;1,00;Fluorspar;Italy;0,00;0,00;0,00
Fluorspar;Spain;0,02;3,62;0,80;Fluorspar;Germany;0,00;0,00;0,00
Fluorspar;Vietnam;0,02;5,75;1,00;Fluorspar;Other non EU;0,00;0,00;0,00
Fluorspar;Bulgaria;0,01;4,73;0,80;Fluorspar;Japan;0,00;0,00;0,00
Fluorspar;Morocco;0,01;5,48;1,00;Fluorspar;Australia;0,00;0,00;0,00
Fluorspar;Kenya;0,01;6,03;1,10;Fluorspar;Spain;0,00;0,00;0,00
Fluorspar;Iran, Islamic Rep.;0,01;6,65;1,00;Fluorspar;India;0,00;0,00;0,00
Fluorspar;Germany;0,01;2,47;0,80;Fluorspar;Canada;0,00;0,00;0,00
Fluorspar;Namibia;0,01;4,44;1,00;Fluorspar;Tunisia;0,00;0,00;0,00
Fluorspar;Russian Federation;0,01;6,20;1,00;Fluorspar;Other EU;0,00;0,00;0,00
Fluorspar;Argentina;0,01;5,47;1,00;Fluorspar;United Arab Emirates;0,00;0,00;0,00
Fluorspar;Other non EU;0,01;0,00;1,00;Fluorspar;Sweden;0,00;0,00;0,00
Fluorspar;na;0,00;0,00;0,00;Fluorspar;Norway;0,00;0,00;0,00
Fluorspar;na;0,00;0,00;0,00;Fluorspar;Lithuania;0,00;0,00;0,00
Fluorspar;na;0,00;0,00;0,00;Fluorspar;France;0,00;0,00;0,00
Fluorspar;na;0,00;0,00;0,00;Fluorspar;United States;0,00;0,00;0,00
Fluorspar;na;0,00;0,00;0,00;Fluorspar;Other non EU;0,00;0,00;0,00
Fluorspar;na;0,00;0,00;0,00;Fluorspar;na;0,00;0,00;0,00
Fluorspar;na;0,00;0,00;0,00;Fluorspar;na;0,00;0,00;0,00
Fluorspar;na;0,00;0,00;0,00;Fluorspar;na;0,00;0,00;0,00
Fluorspar;na;0,00;0,00;0,00;Fluorspar;na;0,00;0,00;0,00
Gadolinium;China;0,86;5,83;1,59;Gadolinium;na;0,00;0,00;0,00
Gadolinium;Australia;0,06;2,36;1,00;Gadolinium;na;0,00;0,00;0,00
Gadolinium;United States;0,02;2,92;1,00;Gadolinium;na;0,00;0,00;0,00
Gadolinium;Russian Federation;0,02;6,20;1,00;Gadolinium;na;0,00;0,00;0,00
Gadolinium;India;0,01;5,45;1,00;Gadolinium;na;0,00;0,00;0,00
Gadolinium;Brazil;0,01;5,08;1,00;Gadolinium;na;0,00;0,00;0,00
Gadolinium;Thailand;0,01;5,50;1,00;Gadolinium;na;0,00;0,00;0,00
Gadolinium;Malaysia;0,01;4,39;1,00;Gadolinium;na;0,00;0,00;0,00
Gadolinium;na;0,00;0,00;0,00;Gadolinium;na;0,00;0,00;0,00
Gallium;na;0,00;0,00;0,00;Gallium;China;0,00;0,00;0,00
Gallium;na;0,00;0,00;0,00;Gallium;Germany;0,00;0,00;0,00
Gallium;na;0,00;0,00;0,00;Gallium;Ukraine;0,00;0,00;0,00
Gallium;na;0,00;0,00;0,00;Gallium;Japan;0,00;0,00;0,00
Gallium;na;0,00;0,00;0,00;Gallium;Russian Federation;0,00;0,00;0,00
Gallium;na;0,00;0,00;0,00;Gallium;Kazakhstan;0,00;0,00;0,00
Gallium;na;0,00;0,00;0,00;Gallium;Hungary;0,00;0,00;0,00
Germanium;na;0,00;0,00;0,00;Germanium;China;0,00;0,00;0,00
Germanium;na;0,00;0,00;0,00;Germanium;Finland;0,00;0,00;0,00
Germanium;na;0,00;0,00;0,00;Germanium;Russian Federation;0,00;0,00;0,00
Germanium;na;0,00;0,00;0,00;Germanium;United States;0,00;0,00;0,00
Germanium;na;0,00;0,00;0,00;Germanium;Japan;0,00;0,00;0,00
Germanium;na;0,00;0,00;0,00;Germanium;Ukraine;0,00;0,00;0,00
Gold;China;0,14;5,83;1,10;Gold;na;0,00;0,00;0,00
Gold;Other non EU;0,09;0,00;1,00;Gold;na;0,00;0,00;0,00
Gold;Australia;0,08;2,36;1,00;Gold;na;0,00;0,00;0,00
Gold;Russian Federation;0,08;6,20;1,00;Gold;na;0,00;0,00;0,00
Gold;United States;0,07;2,92;1,00;Gold;na;0,00;0,00;0,00
Gold;Peru;0,06;5,30;1,00;Gold;na;0,00;0,00;0,00
Gold;South Africa;0,05;4,65;1,00;Gold;na;0,00;0,00;0,00
Gold;Canada;0,04;2,26;1,00;Gold;na;0,00;0,00;0,00
Gold;Mexico;0,04;5,33;1,00;Gold;na;0,00;0,00;0,00
Gold;Ghana;0,03;4,94;1,00;Gold;na;0,00;0,00;0,00
Gold;Indonesia;0,03;5,47;1,10;Gold;na;0,00;0,00;0,00
Gold;Brazil;0,03;5,08;1,00;Gold;na;0,00;0,00;0,00
Gold;Uzbekistan;0,03;6,98;1,00;Gold;na;0,00;0,00;0,00
Gold;Papua New Guinea;0,02;5,94;1,00;Gold;na;0,00;0,00;0,00
Gold;Sudan;0,02;7,70;1,00;Gold;na;0,00;0,00;0,00
Gold;Argentina;0,02;5,47;1,00;Gold;na;0,00;0,00;0,00
Gold;Tanzania;0,02;5,74;1,00;Gold;na;0,00;0,00;0,00
Gold;Colombia;0,02;5,39;1,00;Gold;na;0,00;0,00;0,00
Gold;Mali;0,02;6,39;1,00;Gold;na;0,00;0,00;0,00
Gold;Kazakhstan;0,01;5,90;1,00;Gold;na;0,00;0,00;0,00
Gold;Chile;0,01;3,11;1,00;Gold;na;0,00;0,00;0,00
Gold;Burkina Faso;0,01;5,74;1,00;Gold;na;0,00;0,00;0,00
Gold;Philippines;0,01;5,49;1,00;Gold;na;0,00;0,00;0,00
Gold;Congo, D.R.;0,01;7,60;1,00;Gold;na;0,00;0,00;0,00
Gold;Turkey;0,01;5,34;1,00;Gold;na;0,00;0,00;0,00
Gold;Dominican Republic;0,01;5,40;1,00;Gold;na;0,00;0,00;0,00
Gold;Other EU;0,01;0,00;0,80;Gold;na;0,00;0,00;0,00
Gold;Zimbabwe;0,01;7,17;1,10;Gold;na;0,00;0,00;0,00
Gold;Guinea;0,01;6,72;1,00;Gold;na;0,00;0,00;0,00
Gold;Mongolia;0,01;5,18;1,00;Gold;na;0,00;0,00;0,00
Gypsum;China;0,49;5,83;1,00;Gypsum;na;0,00;0,00;0,00
Gypsum;United States;0,06;2,92;1,00;Gypsum;na;0,00;0,00;0,00
Gypsum;Iran, Islamic Rep.;0,06;6,65;1,00;Gypsum;na;0,00;0,00;0,00
Gypsum;Other non EU;0,05;0,00;1,00;Gypsum;na;0,00;0,00;0,00
Gypsum;Thailand;0,05;5,50;1,00;Gypsum;na;0,00;0,00;0,00
Gypsum;Iraq;0,04;7,35;1,00;Gypsum;na;0,00;0,00;0,00
Gypsum;Turkey;0,03;5,34;1,00;Gypsum;na;0,00;0,00;0,00
Gypsum;Mexico;0,03;5,33;1,00;Gypsum;na;0,00;0,00;0,00
Gypsum;Spain;0,03;3,62;0,80;Gypsum;na;0,00;0,00;0,00
Gypsum;Russian Federation;0,02;6,20;1,00;Gypsum;na;0,00;0,00;0,00
Gypsum;Oman;0,01;4,70;1,00;Gypsum;na;0,00;0,00;0,00
Gypsum;Australia;0,01;2,36;1,00;Gypsum;na;0,00;0,00;0,00
Gypsum;Brazil;0,01;5,08;1,00;Gypsum;na;0,00;0,00;0,00
Gypsum;Germany;0,01;2,47;0,80;Gypsum;na;0,00;0,00;0,00
Gypsum;India;0,01;5,45;1,00;Gypsum;na;0,00;0,00;0,00
Gypsum;Italy;0,01;4,17;0,80;Gypsum;na;0,00;0,00;0,00
Gypsum;France;0,01;3,11;0,80;Gypsum;na;0,00;0,00;0,00
Gypsum;Other EU;0,01;0,00;0,80;Gypsum;na;0,00;0,00;0,00
Gypsum;Saudi Arabia;0,01;5,51;1,00;Gypsum;na;0,00;0,00;0,00
Gypsum;Canada;0,01;2,26;1,00;Gypsum;na;0,00;0,00;0,00
Gypsum;Algeria;0,01;6,43;1,00;Gypsum;na;0,00;0,00;0,00
Gypsum;Ukraine;0,01;6,23;1,00;Gypsum;na;0,00;0,00;0,00
Gypsum;Argentina;0,01;5,47;1,00;Gypsum;na;0,00;0,00;0,00
Gypsum;Pakistan;0,01;6,78;1,00;Gypsum;na;0,00;0,00;0,00
Gypsum;na;0,00;0,00;0,00;Gypsum;na;0,00;0,00;0,00
Gypsum;na;0,00;0,00;0,00;Gypsum;na;0,00;0,00;0,00
Gypsum;na;0,00;0,00;0,00;Gypsum;na;0,00;0,00;0,00
Gypsum;na;0,00;0,00;0,00;Gypsum;na;0,00;0,00;0,00
Gypsum;na;0,00;0,00;0,00;Gypsum;na;0,00;0,00;0,00
Gypsum;na;0,00;0,00;0,00;Gypsum;na;0,00;0,00;0,00
Hafnium;na;0,00;0,00;0,00;Hafnium;France;0,00;0,00;0,00
Hafnium;na;0,00;0,00;0,00;Hafnium;United States;0,00;0,00;0,00
Hafnium;na;0,00;0,00;0,00;Hafnium;Russian Federation;0,00;0,00;0,00
Hafnium;na;0,00;0,00;0,00;Hafnium;China;0,00;0,00;0,00
Hafnium;na;0,00;0,00;0,00;Hafnium;Ukraine;0,00;0,00;0,00
Helium;na;0,00;0,00;0,00;Helium;United States;0,00;0,00;0,00
Helium;na;0,00;0,00;0,00;Helium;Qatar;0,00;0,00;0,00
Helium;na;0,00;0,00;0,00;Helium;Algeria;0,00;0,00;0,00
Helium;na;0,00;0,00;0,00;Helium;Russian Federation;0,00;0,00;0,00
Helium;na;0,00;0,00;0,00;Helium;Australia;0,00;0,00;0,00
Helium;na;0,00;0,00;0,00;Helium;Poland;0,00;0,00;0,00
Helium;na;0,00;0,00;0,00;Helium;na;0,00;0,00;0,00
Helium;na;0,00;0,00;0,00;Helium;na;0,00;0,00;0,00
Helium;na;0,00;0,00;0,00;Helium;na;0,00;0,00;0,00
Helium;na;0,00;0,00;0,00;Helium;na;0,00;0,00;0,00
Helium;na;0,00;0,00;0,00;Helium;na;0,00;0,00;0,00
Ho, Tm, Lu, Yb;China;0,86;5,83;1,59;Ho, Tm, Lu, Yb;China;0,00;0,00;0,00
Ho, Tm, Lu, Yb;Australia;0,06;2,36;1,00;Ho, Tm, Lu, Yb;Japan;0,00;0,00;0,00
Ho, Tm, Lu, Yb;United States;0,02;2,92;1,00;Ho, Tm, Lu, Yb;Estonia;0,00;0,00;0,00
Ho, Tm, Lu, Yb;Russian Federation;0,02;6,20;1,00;Ho, Tm, Lu, Yb;United Kingdom;0,00;0,00;0,00
Ho, Tm, Lu, Yb;India;0,01;5,45;1,00;Ho, Tm, Lu, Yb;na;0,00;0,00;0,00
Ho, Tm, Lu, Yb;Brazil;0,01;5,08;1,00;Ho, Tm, Lu, Yb;na;0,00;0,00;0,00
Ho, Tm, Lu, Yb;Thailand;0,01;5,50;1,00;Ho, Tm, Lu, Yb;na;0,00;0,00;0,00
Ho, Tm, Lu, Yb;Malaysia;0,01;4,39;1,00;Ho, Tm, Lu, Yb;na;0,00;0,00;0,00
Ho, Tm, Lu, Yb;na;0,00;0,00;0,00;Ho, Tm, Lu, Yb;na;0,00;0,00;0,00
Indium;na;0,00;0,00;0,00;Indium;China;0,00;0,00;0,00
Indium;na;0,00;0,00;0,00;Indium;Korea, Rep.;0,00;0,00;0,00
Indium;na;0,00;0,00;0,00;Indium;Japan;0,00;0,00;0,00
Indium;na;0,00;0,00;0,00;Indium;Canada;0,00;0,00;0,00
Indium;na;0,00;0,00;0,00;Indium;Russian Federation;0,00;0,00;0,00
Indium;na;0,00;0,00;0,00;Indium;France;0,00;0,00;0,00
Indium;na;0,00;0,00;0,00;Indium;Belgium;0,00;0,00;0,00
Indium;na;0,00;0,00;0,00;Indium;Germany;0,00;0,00;0,00
Indium;na;0,00;0,00;0,00;Indium;Peru;0,00;0,00;0,00
Indium;na;0,00;0,00;0,00;Indium;Brazil;0,00;0,00;0,00
Indium;na;0,00;0,00;0,00;Indium;Italy;0,00;0,00;0,00
Indium;na;0,00;0,00;0,00;Indium;na;0,00;0,00;0,00
Iridium;na;0,00;0,00;0,00;Iridium;South Africa;0,00;0,00;0,00
Iridium;na;0,00;0,00;0,00;Iridium;Zimbabwe;0,00;0,00;0,00
Iridium;na;0,00;0,00;0,00;Iridium;Canada;0,00;0,00;0,00
Iridium;na;0,00;0,00;0,00;Iridium;Russian Federation;0,00;0,00;0,00
Iron ore;Australia;0,35;2,36;1,00;Iron ore;China;0,00;0,00;0,00
Iron ore;Brazil;0,18;5,08;1,00;Iron ore;Japan;0,00;0,00;0,00
Iron ore;China;0,10;5,83;1,10;Iron ore;India;0,00;0,00;0,00
Iron ore;India;0,08;5,45;1,20;Iron ore;United States;0,00;0,00;0,00
Iron ore;Russian Federation;0,05;6,20;1,00;Iron ore;Other non EU;0,00;0,00;0,00
Iron ore;Other non EU;0,05;0,00;1,00;Iron ore;Russian Federation;0,00;0,00;0,00
Iron ore;South Africa;0,04;4,65;1,00;Iron ore;Korea, Rep.;0,00;0,00;0,00
Iron ore;Ukraine;0,03;6,23;1,00;Iron ore;Other EU;0,00;0,00;0,00
Iron ore;United States;0,02;2,92;1,00;Iron ore;Germany;0,00;0,00;0,00
Iron ore;Iran, Islamic Rep.;0,02;6,65;1,00;Iron ore;Turkey;0,00;0,00;0,00
Iron ore;Kazakhstan;0,02;5,90;1,00;Iron ore;Brazil;0,00;0,00;0,00
Iron ore;Canada;0,02;2,26;1,00;Iron ore;Ukraine;0,00;0,00;0,00
Iron ore;Sweden;0,02;2,05;0,80;Iron ore;Italy;0,00;0,00;0,00
Iron ore;Mexico;0,01;5,33;1,00;Iron ore;Taiwan, China;0,00;0,00;0,00
Iron ore;Chile;0,01;3,11;1,00;Iron ore;Mexico;0,00;0,00;0,00
Iron ore;na;0,00;0,00;0,00;Iron ore;Iran, Islamic Rep.;0,00;0,00;0,00
Iron ore;na;0,00;0,00;0,00;Iron ore;France;0,00;0,00;0,00
Iron ore;na;0,00;0,00;0,00;Iron ore;Spain;0,00;0,00;0,00
Iron ore;na;0,00;0,00;0,00;Iron ore;Canada;0,00;0,00;0,00
Iron ore;na;0,00;0,00;0,00;Iron ore;United Kingdom;0,00;0,00;0,00
Iron ore;na;0,00;0,00;0,00;Iron ore;Poland;0,00;0,00;0,00
Kaolin clay;China;0,15;5,83;1,00;Kaolin clay;na;0,00;0,00;0,00
Kaolin clay;Ukraine;0,12;6,23;1,00;Kaolin clay;na;0,00;0,00;0,00
Kaolin clay;United States;0,12;2,92;1,00;Kaolin clay;na;0,00;0,00;0,00
Kaolin clay;Germany;0,10;2,47;0,80;Kaolin clay;na;0,00;0,00;0,00
Kaolin clay;India;0,09;5,45;1,00;Kaolin clay;na;0,00;0,00;0,00
Kaolin clay;Czech Republic;0,07;3,47;0,80;Kaolin clay;na;0,00;0,00;0,00
Kaolin clay;Turkey;0,05;5,34;1,00;Kaolin clay;na;0,00;0,00;0,00
Kaolin clay;Brazil;0,04;5,08;1,00;Kaolin clay;na;0,00;0,00;0,00
Kaolin clay;United Kingdom;0,03;2,60;1,00;Kaolin clay;na;0,00;0,00;0,00
Kaolin clay;Other non EU;0,02;0,00;1,00;Kaolin clay;na;0,00;0,00;0,00
Kaolin clay;Iran, Islamic Rep.;0,02;6,65;1,00;Kaolin clay;na;0,00;0,00;0,00
Kaolin clay;Indonesia;0,02;5,47;1,00;Kaolin clay;na;0,00;0,00;0,00
Kaolin clay;Malaysia;0,02;4,39;1,00;Kaolin clay;na;0,00;0,00;0,00
Kaolin clay;Italy;0,02;4,17;0,80;Kaolin clay;na;0,00;0,00;0,00
Kaolin clay;Vietnam;0,01;5,75;1,00;Kaolin clay;na;0,00;0,00;0,00
Kaolin clay;Spain;0,01;3,62;0,80;Kaolin clay;na;0,00;0,00;0,00
Kaolin clay;France;0,01;3,11;0,80;Kaolin clay;na;0,00;0,00;0,00
Kaolin clay;Portugal;0,01;3,34;0,80;Kaolin clay;na;0,00;0,00;0,00
Kaolin clay;Mexico;0,01;5,33;1,00;Kaolin clay;na;0,00;0,00;0,00
Kaolin clay;Poland;0,01;3,60;0,80;Kaolin clay;na;0,00;0,00;0,00
Kaolin clay;Korea, Rep.;0,01;3,74;1,00;Kaolin clay;na;0,00;0,00;0,00
Kaolin clay;Thailand;0,01;5,50;1,00;Kaolin clay;na;0,00;0,00;0,00
Kaolin clay;Bulgaria;0,01;4,73;0,80;Kaolin clay;na;0,00;0,00;0,00
Kaolin clay;Belgium;0,01;2,81;0,80;Kaolin clay;na;0,00;0,00;0,00
Kaolin clay;Egypt, Arab Rep.;0,01;6,48;1,00;Kaolin clay;na;0,00;0,00;0,00
Kaolin clay;Others;0,02;0,00;1,00;Kaolin clay;na;0,00;0,00;0,00
Kaolin clay;na;0,00;0,00;0,00;Kaolin clay;na;0,00;0,00;0,00
Kaolin clay;na;0,00;0,00;0,00;Kaolin clay;na;0,00;0,00;0,00
Kaolin clay;na;0,00;0,00;0,00;Kaolin clay;na;0,00;0,00;0,00
Kaolin clay;na;0,00;0,00;0,00;Kaolin clay;na;0,00;0,00;0,00
Lanthanum;China;0,86;5,83;1,59;Lanthanum;na;0,00;0,00;0,00
Lanthanum;Australia;0,06;2,36;1,00;Lanthanum;na;0,00;0,00;0,00
Lanthanum;United States;0,02;2,92;1,00;Lanthanum;na;0,00;0,00;0,00
Lanthanum;Russian Federation;0,02;6,20;1,00;Lanthanum;na;0,00;0,00;0,00
Lanthanum;India;0,01;5,45;1,00;Lanthanum;na;0,00;0,00;0,00
Lanthanum;Brazil;0,01;5,08;1,00;Lanthanum;na;0,00;0,00;0,00
Lanthanum;Thailand;0,01;5,50;1,00;Lanthanum;na;0,00;0,00;0,00
Lanthanum;Malaysia;0,01;4,39;1,00;Lanthanum;na;0,00;0,00;0,00
Lanthanum;na;0,00;0,00;0,00;Lanthanum;na;0,00;0,00;0,00
Lead;China;0,49;5,83;1,20;Lead;China;0,00;0,00;0,00
Lead;Australia;0,12;2,36;1,00;Lead;United States;0,00;0,00;0,00
Lead;Other non EU;0,08;0,00;1,00;Lead;Other non EU;0,00;0,00;0,00
Lead;United States;0,07;2,92;1,00;Lead;Korea, Rep.;0,00;0,00;0,00
Lead;Peru;0,06;5,30;1,00;Lead;India;0,00;0,00;0,00
Lead;Mexico;0,05;5,33;1,00;Lead;Other EU;0,00;0,00;0,00
Lead;Russian Federation;0,03;6,20;1,00;Lead;Germany;0,00;0,00;0,00
Lead;India;0,02;5,45;1,00;Lead;Mexico;0,00;0,00;0,00
Lead;Bolivia;0,02;5,97;1,00;Lead;United Kingdom;0,00;0,00;0,00
Lead;Poland;0,02;3,60;0,80;Lead;Canada;0,00;0,00;0,00
Lead;Other EU;0,02;0,00;0,80;Lead;Japan;0,00;0,00;0,00
Lead;Sweden;0,01;2,05;0,80;Lead;Australia;0,00;0,00;0,00
Lead;Turkey;0,01;5,34;1,00;Lead;Italy;0,00;0,00;0,00
Lead;na;0,00;0,00;0,00;Lead;Brazil;0,00;0,00;0,00
Lead;na;0,00;0,00;0,00;Lead;Spain;0,00;0,00;0,00
Lead;na;0,00;0,00;0,00;Lead;Poland;0,00;0,00;0,00
Lead;na;0,00;0,00;0,00;Lead;Belgium;0,00;0,00;0,00
Lead;na;0,00;0,00;0,00;Lead;Kazakhstan;0,00;0,00;0,00
Lead;na;0,00;0,00;0,00;Lead;Russian Federation;0,00;0,00;0,00
Limestone;Other non EU;0,72;0,00;1,00;Limestone;na;0,00;0,00;0,00
Limestone;Other EU;0,05;0,00;0,80;Limestone;na;0,00;0,00;0,00
Limestone;France;0,05;3,11;0,80;Limestone;na;0,00;0,00;0,00
Limestone;Italy;0,05;4,17;0,80;Limestone;na;0,00;0,00;0,00
Limestone;Germany;0,05;2,47;0,80;Limestone;na;0,00;0,00;0,00
Limestone;Austria;0,04;2,50;0,80;Limestone;na;0,00;0,00;0,00
Limestone;Poland;0,01;3,60;0,80;Limestone;na;0,00;0,00;0,00
Limestone;Spain;0,01;3,62;0,80;Limestone;na;0,00;0,00;0,00
Limestone;Denmark;0,01;2,11;0,80;Limestone;na;0,00;0,00;0,00
Limestone;Greece;0,01;4,60;0,80;Limestone;na;0,00;0,00;0,00
Lithium;Chile;0,38;3,11;1,00;Lithium;Chile;0,00;0,00;0,00
Lithium;Australia;0,36;2,36;1,00;Lithium;China;0,00;0,00;0,00
Lithium;Argentina;0,12;5,47;1,10;Lithium;Argentina;0,00;0,00;0,00
Lithium;China;0,07;5,83;1,00;Lithium;United States;0,00;0,00;0,00
Lithium;United States;0,03;2,92;1,00;Lithium;Others;0,00;0,00;0,00
Lithium;Zimbabwe;0,02;7,17;1,00;Lithium;na;0,00;0,00;0,00
Lithium;Brazil;0,01;5,08;1,00;Lithium;na;0,00;0,00;0,00
Lithium;Others;0,01;0,00;0,90;Lithium;na;0,00;0,00;0,00
Lithium;na;0,00;0,00;0,00;Lithium;na;0,00;0,00;0,00
Magnesite;China;0,66;5,83;1,61;Magnesite;na;0,00;0,00;0,00
Magnesite;Turkey;0,11;5,34;1,00;Magnesite;na;0,00;0,00;0,00
Magnesite;Russian Federation;0,05;6,20;1,00;Magnesite;na;0,00;0,00;0,00
Magnesite;Slovakia;0,03;3,79;0,80;Magnesite;na;0,00;0,00;0,00
Magnesite;Austria;0,03;2,50;0,80;Magnesite;na;0,00;0,00;0,00
Magnesite;Brazil;0,02;5,08;1,00;Magnesite;na;0,00;0,00;0,00
Magnesite;Spain;0,02;3,62;0,80;Magnesite;na;0,00;0,00;0,00
Magnesite;Australia;0,02;2,36;1,00;Magnesite;na;0,00;0,00;0,00
Magnesite;Greece;0,01;4,60;0,80;Magnesite;na;0,00;0,00;0,00
Magnesite;India;0,01;5,45;1,00;Magnesite;na;0,00;0,00;0,00
Magnesite;Korea, Dem. Rep.;0,01;7,74;1,00;Magnesite;na;0,00;0,00;0,00
Magnesite;Iran, Islamic Rep.;0,01;6,65;1,00;Magnesite;na;0,00;0,00;0,00
Magnesite;Other non EU;0,01;0,00;1,00;Magnesite;na;0,00;0,00;0,00
Magnesite;Canada;0,01;2,26;1,00;Magnesite;na;0,00;0,00;0,00
Magnesite;na;0,00;0,00;0,00;Magnesite;na;0,00;0,00;0,00
Magnesite;na;0,00;0,00;0,00;Magnesite;na;0,00;0,00;0,00
Magnesite;na;0,00;0,00;0,00;Magnesite;na;0,00;0,00;0,00
Magnesium;na;0,00;0,00;0,00;Magnesium;China;0,00;0,00;0,00
Magnesium;na;0,00;0,00;0,00;Magnesium;United States;0,00;0,00;0,00
Magnesium;na;0,00;0,00;0,00;Magnesium;Israel;0,00;0,00;0,00
Magnesium;na;0,00;0,00;0,00;Magnesium;Brazil;0,00;0,00;0,00
Magnesium;na;0,00;0,00;0,00;Magnesium;Russian Federation;0,00;0,00;0,00
Magnesium;na;0,00;0,00;0,00;Magnesium;Turkey;0,00;0,00;0,00
Magnesium;na;0,00;0,00;0,00;Magnesium;na;0,00;0,00;0,00
Magnesium;na;0,00;0,00;0,00;Magnesium;na;0,00;0,00;0,00
Magnesium;na;0,00;0,00;0,00;Magnesium;na;0,00;0,00;0,00
Magnesium;na;0,00;0,00;0,00;Magnesium;na;0,00;0,00;0,00
Magnesium;na;0,00;0,00;0,00;Magnesium;na;0,00;0,00;0,00
Magnesium;na;0,00;0,00;0,00;Magnesium;na;0,00;0,00;0,00
Manganese;South Africa;0,28;4,65;1,00;Manganese;China;0,00;0,00;0,00
Manganese;China;0,17;5,83;1,10;Manganese;India;0,00;0,00;0,00
Manganese;Australia;0,17;2,36;1,00;Manganese;South Africa;0,00;0,00;0,00
Manganese;Gabon;0,10;5,97;1,10;Manganese;Ukraine;0,00;0,00;0,00
Manganese;Brazil;0,07;5,08;1,00;Manganese;Norway;0,00;0,00;0,00
Manganese;India;0,05;5,45;1,00;Manganese;Korea, Rep.;0,00;0,00;0,00
Manganese;Ghana;0,03;4,94;1,00;Manganese;Japan;0,00;0,00;0,00
Manganese;Ukraine;0,03;6,23;1,00;Manganese;Russian Federation;0,00;0,00;0,00
Manganese;Kazakhstan;0,03;5,90;1,00;Manganese;Brazil;0,00;0,00;0,00
Manganese;Malaysia;0,02;4,39;1,00;Manganese;Australia;0,00;0,00;0,00
Manganese;Other non EU;0,02;0,00;1,00;Manganese;Spain;0,00;0,00;0,00
Manganese;Mexico;0,01;5,33;1,00;Manganese;Georgia;0,00;0,00;0,00
Manganese;Côte D'Ivoire;0,01;6,21;1,00;Manganese;Mexico;0,00;0,00;0,00
Manganese;Myanmar;0,01;6,95;1,00;Manganese;France;0,00;0,00;0,00
Manganese;na;0,00;0,00;0,00;Manganese;Other non EU;0,00;0,00;0,00
Manganese;na;0,00;0,00;0,00;Manganese;Kazakhstan;0,00;0,00;0,00
Manganese;na;0,00;0,00;0,00;Manganese;United States;0,00;0,00;0,00
Manganese;na;0,00;0,00;0,00;Manganese;na;0,00;0,00;0,00
Molybdenum;China;0,47;5,83;1,36;Molybdenum;na;0,00;0,00;0,00
Molybdenum;Chile;0,17;3,11;1,00;Molybdenum;na;0,00;0,00;0,00
Molybdenum;United States;0,16;2,92;1,00;Molybdenum;na;0,00;0,00;0,00
Molybdenum;Peru;0,07;5,30;1,00;Molybdenum;na;0,00;0,00;0,00
Molybdenum;Mexico;0,05;5,33;1,00;Molybdenum;na;0,00;0,00;0,00
Molybdenum;Canada;0,02;2,26;1,00;Molybdenum;na;0,00;0,00;0,00
Molybdenum;Armenia;0,02;5,41;1,00;Molybdenum;na;0,00;0,00;0,00
Molybdenum;Other non EU;0,02;0,00;1,00;Molybdenum;na;0,00;0,00;0,00
Molybdenum;Russian Federation;0,01;6,20;1,10;Molybdenum;na;0,00;0,00;0,00
Molybdenum;Iran, Islamic Rep.;0,01;6,65;1,00;Molybdenum;na;0,00;0,00;0,00
Natural cork;Portugal;0,50;3,34;0,80;Natural cork;na;0,00;0,00;0,00
Natural cork;Spain;0,30;3,62;0,80;Natural cork;na;0,00;0,00;0,00
Natural cork;Morocco;0,06;5,48;1,00;Natural cork;na;0,00;0,00;0,00
Natural cork;Algeria;0,05;6,43;1,00;Natural cork;na;0,00;0,00;0,00
Natural cork;Tunisia;0,03;5,40;1,00;Natural cork;na;0,00;0,00;0,00
Natural cork;Italy;0,03;4,17;0,80;Natural cork;na;0,00;0,00;0,00
Natural cork;France;0,03;3,11;0,80;Natural cork;na;0,00;0,00;0,00
Natural graphite;China;0,69;5,83;1,10;Natural graphite;na;0,00;0,00;0,00
Natural graphite;India;0,12;5,45;1,00;Natural graphite;na;0,00;0,00;0,00
Natural graphite;Brazil;0,08;5,08;1,00;Natural graphite;na;0,00;0,00;0,00
Natural graphite;Korea, Dem. Rep.;0,03;7,74;1,00;Natural graphite;na;0,00;0,00;0,00
Natural graphite;Canada;0,02;2,26;1,00;Natural graphite;na;0,00;0,00;0,00
Natural graphite;Russian Federation;0,01;6,20;1,00;Natural graphite;na;0,00;0,00;0,00
Natural graphite;Turkey;0,01;5,34;1,00;Natural graphite;na;0,00;0,00;0,00
Natural graphite;Mexico;0,01;5,33;1,00;Natural graphite;na;0,00;0,00;0,00
Natural graphite;Ukraine;0,01;6,23;1,00;Natural graphite;na;0,00;0,00;0,00
Natural graphite;Norway;0,01;2,03;1,00;Natural graphite;na;0,00;0,00;0,00
Natural graphite;Zimbabwe;0,01;7,17;1,00;Natural graphite;na;0,00;0,00;0,00
Natural graphite;na;0,00;0,00;0,00;Natural graphite;na;0,00;0,00;0,00
Natural graphite;na;0,00;0,00;0,00;Natural graphite;na;0,00;0,00;0,00
Natural graphite;na;0,00;0,00;0,00;Natural graphite;na;0,00;0,00;0,00
Natural graphite;na;0,00;0,00;0,00;Natural graphite;na;0,00;0,00;0,00
Natural graphite;na;0,00;0,00;0,00;Natural graphite;na;0,00;0,00;0,00
Natural graphite;na;0,00;0,00;0,00;Natural graphite;na;0,00;0,00;0,00
Natural graphite;na;0,00;0,00;0,00;Natural graphite;na;0,00;0,00;0,00
Natural graphite;na;0,00;0,00;0,00;Natural graphite;na;0,00;0,00;0,00
Natural Rubber;Thailand;0,33;5,50;1,00;Natural Rubber;na;0,00;0,00;0,00
Natural Rubber;Indonesia;0,24;5,47;1,00;Natural Rubber;na;0,00;0,00;0,00
Natural Rubber;Vietnam;0,07;5,75;1,00;Natural Rubber;na;0,00;0,00;0,00
Natural Rubber;India;0,07;5,45;1,00;Natural Rubber;na;0,00;0,00;0,00
Natural Rubber;China;0,06;5,83;1,00;Natural Rubber;na;0,00;0,00;0,00
Natural Rubber;Malaysia;0,06;4,39;1,00;Natural Rubber;na;0,00;0,00;0,00
Natural Rubber;Philippines;0,03;5,49;1,00;Natural Rubber;na;0,00;0,00;0,00
Natural Rubber;Guatemala;0,03;6,00;1,00;Natural Rubber;na;0,00;0,00;0,00
Natural Rubber;Côte D'Ivoire;0,03;6,21;1,00;Natural Rubber;na;0,00;0,00;0,00
Natural Rubber;Other non EU;0,02;0,00;1,00;Natural Rubber;na;0,00;0,00;0,00
Natural Rubber;Myanmar;0,02;6,95;1,00;Natural Rubber;na;0,00;0,00;0,00
Natural Rubber;Brazil;0,01;5,08;1,00;Natural Rubber;na;0,00;0,00;0,00
Natural Rubber;Nigeria;0,01;6,83;1,00;Natural Rubber;na;0,00;0,00;0,00
Natural Rubber;Sri Lanka;0,01;5,36;1,00;Natural Rubber;na;0,00;0,00;0,00
Natural Rubber;Liberia;0,01;6,29;1,00;Natural Rubber;na;0,00;0,00;0,00
Natural Teak wood;India;0,40;5,45;1,00;Natural Teak wood;na;0,00;0,00;0,00
Natural Teak wood;Indonesia;0,30;5,47;1,00;Natural Teak wood;na;0,00;0,00;0,00
Natural Teak wood;Myanmar;0,09;6,95;1,00;Natural Teak wood;na;0,00;0,00;0,00
Natural Teak wood;Ghana;0,05;4,94;1,00;Natural Teak wood;na;0,00;0,00;0,00
Natural Teak wood;Nigeria;0,04;6,83;1,00;Natural Teak wood;na;0,00;0,00;0,00
Natural Teak wood;Other non EU;0,03;0,00;1,00;Natural Teak wood;na;0,00;0,00;0,00
Natural Teak wood;Thailand;0,03;5,50;1,00;Natural Teak wood;na;0,00;0,00;0,00
Natural Teak wood;Bangladesh;0,02;6,41;1,00;Natural Teak wood;na;0,00;0,00;0,00
Natural Teak wood;Brazil;0,02;5,08;1,00;Natural Teak wood;na;0,00;0,00;0,00
Natural Teak wood;Panama;0,01;4,79;1,00;Natural Teak wood;na;0,00;0,00;0,00
Natural Teak wood;Côte D'Ivoire;0,01;6,21;1,00;Natural Teak wood;na;0,00;0,00;0,00
Neodymium;China;0,86;5,83;1,59;Neodymium;na;0,00;0,00;0,00
Neodymium;Australia;0,06;2,36;1,00;Neodymium;na;0,00;0,00;0,00
Neodymium;United States;0,02;2,92;1,00;Neodymium;na;0,00;0,00;0,00
Neodymium;Russian Federation;0,02;6,20;1,00;Neodymium;na;0,00;0,00;0,00
Neodymium;India;0,01;5,45;1,00;Neodymium;na;0,00;0,00;0,00
Neodymium;Brazil;0,01;5,08;1,00;Neodymium;na;0,00;0,00;0,00
Neodymium;Thailand;0,01;5,50;1,00;Neodymium;na;0,00;0,00;0,00
Neodymium;Malaysia;0,01;4,39;1,00;Neodymium;na;0,00;0,00;0,00
Neodymium;na;0,00;0,00;0,00;Neodymium;na;0,00;0,00;0,00
Nickel;Indonesia;0,18;5,47;1,18;Nickel;China;0,00;0,00;0,00
Nickel;Philippines;0,17;5,49;1,00;Nickel;Russian Federation;0,00;0,00;0,00
Nickel;Australia;0,11;2,36;1,00;Nickel;Japan;0,00;0,00;0,00
Nickel;Russian Federation;0,11;6,20;1,00;Nickel;Canada;0,00;0,00;0,00
Nickel;Canada;0,10;2,26;1,00;Nickel;Australia;0,00;0,00;0,00
Nickel;Other non EU;0,09;0,00;1,00;Nickel;Other non EU;0,00;0,00;0,00
Nickel;New Caledonia;0,08;3,23;1,00;Nickel;Norway;0,00;0,00;0,00
Nickel;China;0,04;5,83;1,10;Nickel;Brazil;0,00;0,00;0,00
Nickel;Brazil;0,04;5,08;1,00;Nickel;New Caledonia;0,00;0,00;0,00
Nickel;Cuba;0,02;5,87;1,00;Nickel;Finland;0,00;0,00;0,00
Nickel;South Africa;0,02;4,65;1,00;Nickel;Colombia;0,00;0,00;0,00
Nickel;Colombia;0,02;5,39;1,00;Nickel;Indonesia;0,00;0,00;0,00
Nickel;Greece;0,01;4,60;0,80;Nickel;United Kingdom;0,00;0,00;0,00
Nickel;Finland;0,01;1,98;0,80;Nickel;South Africa;0,00;0,00;0,00
Nickel;na;0,00;0,00;0,00;Nickel;Korea, Rep.;0,00;0,00;0,00
Nickel;na;0,00;0,00;0,00;Nickel;Madagascar;0,00;0,00;0,00
Nickel;na;0,00;0,00;0,00;Nickel;Greece;0,00;0,00;0,00
Nickel;na;0,00;0,00;0,00;Nickel;na;0,00;0,00;0,00
Nickel;na;0,00;0,00;0,00;Nickel;na;0,00;0,00;0,00
Nickel;na;0,00;0,00;0,00;Nickel;na;0,00;0,00;0,00
Niobium;na;0,00;0,00;0,00;Niobium;Brazil;0,00;0,00;0,00
Niobium;na;0,00;0,00;0,00;Niobium;Canada;0,00;0,00;0,00
Niobium;na;0,00;0,00;0,00;Niobium;na;0,00;0,00;0,00
Palladium;na;0,00;0,00;0,00;Palladium;Russian Federation;0,00;0,00;0,00
Palladium;na;0,00;0,00;0,00;Palladium;South Africa;0,00;0,00;0,00
Palladium;na;0,00;0,00;0,00;Palladium;Canada;0,00;0,00;0,00
Palladium;na;0,00;0,00;0,00;Palladium;United States;0,00;0,00;0,00
Palladium;na;0,00;0,00;0,00;Palladium;Zimbabwe;0,00;0,00;0,00
Palladium;na;0,00;0,00;0,00;Palladium;Others;0,00;0,00;0,00
Palladium;na;0,00;0,00;0,00;Palladium;na;0,00;0,00;0,00
Palladium;na;0,00;0,00;0,00;Palladium;na;0,00;0,00;0,00
Palladium;na;0,00;0,00;0,00;Palladium;na;0,00;0,00;0,00
Palladium;na;0,00;0,00;0,00;Palladium;na;0,00;0,00;0,00
Palladium;na;0,00;0,00;0,00;Palladium;na;0,00;0,00;0,00
Perlite;Greece;0,22;4,60;0,80;Perlite;na;0,00;0,00;0,00
Perlite;Turkey;0,22;5,34;1,00;Perlite;na;0,00;0,00;0,00
Perlite;China;0,17;5,83;1,00;Perlite;na;0,00;0,00;0,00
Perlite;Iran, Islamic Rep.;0,15;6,65;1,00;Perlite;na;0,00;0,00;0,00
Perlite;United States;0,11;2,92;1,00;Perlite;na;0,00;0,00;0,00
Perlite;Japan;0,05;2,77;1,00;Perlite;na;0,00;0,00;0,00
Perlite;Hungary;0,02;4,06;0,80;Perlite;na;0,00;0,00;0,00
Perlite;Italy;0,01;4,17;0,80;Perlite;na;0,00;0,00;0,00
Perlite;Russian Federation;0,01;6,20;1,00;Perlite;na;0,00;0,00;0,00
Perlite;Thailand;0,01;5,50;1,00;Perlite;na;0,00;0,00;0,00
Perlite;Argentina;0,01;5,47;1,00;Perlite;na;0,00;0,00;0,00
Perlite;Mexico;0,01;5,33;1,00;Perlite;na;0,00;0,00;0,00
Perlite;Others;0,01;0,00;1,00;Perlite;na;0,00;0,00;0,00
Perlite;na;0,00;0,00;0,00;Perlite;na;0,00;0,00;0,00
Perlite;na;0,00;0,00;0,00;Perlite;na;0,00;0,00;0,00
Perlite;na;0,00;0,00;0,00;Perlite;na;0,00;0,00;0,00
Perlite;na;0,00;0,00;0,00;Perlite;na;0,00;0,00;0,00
Perlite;na;0,00;0,00;0,00;Perlite;na;0,00;0,00;0,00
Perlite;na;0,00;0,00;0,00;Perlite;na;0,00;0,00;0,00
Perlite;na;0,00;0,00;0,00;Perlite;na;0,00;0,00;0,00
Perlite;na;0,00;0,00;0,00;Perlite;na;0,00;0,00;0,00
Phosphate rock;China;0,48;5,83;1,47;Phosphate rock;na;0,00;0,00;0,00
Phosphate rock;Morocco;0,11;5,48;1,10;Phosphate rock;na;0,00;0,00;0,00
Phosphate rock;United States;0,10;2,92;1,00;Phosphate rock;na;0,00;0,00;0,00
Phosphate rock;Russian Federation;0,06;6,20;1,00;Phosphate rock;na;0,00;0,00;0,00
Phosphate rock;Peru;0,06;5,30;1,00;Phosphate rock;na;0,00;0,00;0,00
Phosphate rock;Brazil;0,03;5,08;1,00;Phosphate rock;na;0,00;0,00;0,00
Phosphate rock;Jordan;0,03;5,16;1,00;Phosphate rock;na;0,00;0,00;0,00
Phosphate rock;Egypt, Arab Rep.;0,02;6,48;1,02;Phosphate rock;na;0,00;0,00;0,00
Phosphate rock;Israel;0,01;3,83;1,00;Phosphate rock;na;0,00;0,00;0,00
Phosphate rock;Tunisia;0,01;5,40;1,00;Phosphate rock;na;0,00;0,00;0,00
Phosphate rock;Vietnam;0,01;5,75;1,10;Phosphate rock;na;0,00;0,00;0,00
Phosphate rock;South Africa;0,01;4,65;1,00;Phosphate rock;na;0,00;0,00;0,00
Phosphate rock;Mexico;0,01;5,33;1,00;Phosphate rock;na;0,00;0,00;0,00
Phosphate rock;Saudi Arabia;0,01;5,51;1,00;Phosphate rock;na;0,00;0,00;0,00
Phosphate rock;Senegal;0,01;5,21;1,00;Phosphate rock;na;0,00;0,00;0,00
Phosphate rock;Algeria;0,01;6,43;1,00;Phosphate rock;na;0,00;0,00;0,00
Phosphate rock;Togo;0,01;6,34;1,00;Phosphate rock;na;0,00;0,00;0,00
Phosphate rock;Australia;0,01;2,36;1,00;Phosphate rock;na;0,00;0,00;0,00
Phosphate rock;Kazakhstan;0,01;5,90;1,00;Phosphate rock;na;0,00;0,00;0,00
Phosphate rock;na;0,00;0,00;0,00;Phosphate rock;na;0,00;0,00;0,00
Phosphate rock;na;0,00;0,00;0,00;Phosphate rock;na;0,00;0,00;0,00
Phosphate rock;na;0,00;0,00;0,00;Phosphate rock;na;0,00;0,00;0,00
Phosphorus;na;0,00;0,00;0,00;Phosphorus;China;0,00;0,00;0,00
Phosphorus;na;0,00;0,00;0,00;Phosphorus;Kazakhstan;0,00;0,00;0,00
Phosphorus;na;0,00;0,00;0,00;Phosphorus;Vietnam;0,00;0,00;0,00
Phosphorus;na;0,00;0,00;0,00;Phosphorus;United States;0,00;0,00;0,00
Platinum;na;0,00;0,00;0,00;Platinum;South Africa;0,00;0,00;0,00
Platinum;na;0,00;0,00;0,00;Platinum;Russian Federation;0,00;0,00;0,00
Platinum;na;0,00;0,00;0,00;Platinum;Zimbabwe;0,00;0,00;0,00
Platinum;na;0,00;0,00;0,00;Platinum;Canada;0,00;0,00;0,00
Platinum;na;0,00;0,00;0,00;Platinum;United States;0,00;0,00;0,00
Platinum;na;0,00;0,00;0,00;Platinum;China;0,00;0,00;0,00
Platinum;na;0,00;0,00;0,00;Platinum;Colombia;0,00;0,00;0,00
Platinum;na;0,00;0,00;0,00;Platinum;na;0,00;0,00;0,00
Platinum;na;0,00;0,00;0,00;Platinum;na;0,00;0,00;0,00
Platinum;na;0,00;0,00;0,00;Platinum;na;0,00;0,00;0,00
Platinum;na;0,00;0,00;0,00;Platinum;na;0,00;0,00;0,00
Platinum;na;0,00;0,00;0,00;Platinum;na;0,00;0,00;0,00
Potash;Canada;0,28;2,26;1,00;Potash;na;0,00;0,00;0,00
Potash;Russian Federation;0,17;6,20;1,00;Potash;na;0,00;0,00;0,00
Potash;Belarus;0,15;6,18;1,10;Potash;na;0,00;0,00;0,00
Potash;China;0,13;5,83;1,10;Potash;na;0,00;0,00;0,00
Potash;Germany;0,08;2,47;0,80;Potash;na;0,00;0,00;0,00
Potash;Israel;0,05;3,83;1,00;Potash;na;0,00;0,00;0,00
Potash;Other non EU;0,04;0,00;1,00;Potash;na;0,00;0,00;0,00
Potash;Jordan;0,03;5,16;1,00;Potash;na;0,00;0,00;0,00
Potash;Chile;0,03;3,11;1,00;Potash;na;0,00;0,00;0,00
Potash;United States;0,02;2,92;1,00;Potash;na;0,00;0,00;0,00
Potash;Spain;0,02;3,62;0,80;Potash;na;0,00;0,00;0,00
Praseodymium;China;0,86;5,83;1,59;Praseodymium;na;0,00;0,00;0,00
Praseodymium;Australia;0,06;2,36;1,00;Praseodymium;na;0,00;0,00;0,00
Praseodymium;United States;0,02;2,92;1,00;Praseodymium;na;0,00;0,00;0,00
Praseodymium;Russian Federation;0,02;6,20;1,00;Praseodymium;na;0,00;0,00;0,00
Praseodymium;India;0,01;5,45;1,00;Praseodymium;na;0,00;0,00;0,00
Praseodymium;Brazil;0,01;5,08;1,00;Praseodymium;na;0,00;0,00;0,00
Praseodymium;Thailand;0,01;5,50;1,00;Praseodymium;na;0,00;0,00;0,00
Praseodymium;Malaysia;0,01;4,39;1,00;Praseodymium;na;0,00;0,00;0,00
Praseodymium;na;0,00;0,00;0,00;Praseodymium;na;0,00;0,00;0,00
Rhenium;na;0,00;0,00;0,00;Rhenium;Chile;0,00;0,00;0,00
Rhenium;na;0,00;0,00;0,00;Rhenium;United States;0,00;0,00;0,00
Rhenium;na;0,00;0,00;0,00;Rhenium;Poland;0,00;0,00;0,00
Rhenium;na;0,00;0,00;0,00;Rhenium;Korea, Rep.;0,00;0,00;0,00
Rhenium;na;0,00;0,00;0,00;Rhenium;China;0,00;0,00;0,00
Rhenium;na;0,00;0,00;0,00;Rhenium;Japan;0,00;0,00;0,00
Rhenium;na;0,00;0,00;0,00;Rhenium;Other non EU;0,00;0,00;0,00
Rhodium;na;0,00;0,00;0,00;Rhodium;South Africa;0,00;0,00;0,00
Rhodium;na;0,00;0,00;0,00;Rhodium;Russian Federation;0,00;0,00;0,00
Rhodium;na;0,00;0,00;0,00;Rhodium;Zimbabwe;0,00;0,00;0,00
Rhodium;na;0,00;0,00;0,00;Rhodium;Canada;0,00;0,00;0,00
Rhodium;na;0,00;0,00;0,00;Rhodium;United States;0,00;0,00;0,00
Ruthenium;na;0,00;0,00;0,00;Ruthenium;South Africa;0,00;0,00;0,00
Ruthenium;na;0,00;0,00;0,00;Ruthenium;Zimbabwe;0,00;0,00;0,00
Ruthenium;na;0,00;0,00;0,00;Ruthenium;Canada;0,00;0,00;0,00
Ruthenium;na;0,00;0,00;0,00;Ruthenium;Russian Federation;0,00;0,00;0,00
Ruthenium;na;0,00;0,00;0,00;Ruthenium;na;0,00;0,00;0,00
Ruthenium;na;0,00;0,00;0,00;Ruthenium;na;0,00;0,00;0,00
Samarium;China;0,86;5,83;1,59;Samarium;na;0,00;0,00;0,00
Samarium;Australia;0,06;2,36;1,00;Samarium;na;0,00;0,00;0,00
Samarium;United States;0,02;2,92;1,00;Samarium;na;0,00;0,00;0,00
Samarium;Russian Federation;0,02;6,20;1,00;Samarium;na;0,00;0,00;0,00
Samarium;India;0,01;5,45;1,00;Samarium;na;0,00;0,00;0,00
Samarium;Brazil;0,01;5,08;1,00;Samarium;na;0,00;0,00;0,00
Samarium;Thailand;0,01;5,50;1,00;Samarium;na;0,00;0,00;0,00
Samarium;Malaysia;0,01;4,39;1,00;Samarium;na;0,00;0,00;0,00
Samarium;na;0,00;0,00;0,00;Samarium;na;0,00;0,00;0,00
Sapele wood;Other non EU;1,00;0,00;1,00;Sapele wood;na;0,00;0,00;0,00
Scandium;na;0,00;0,00;0,00;Scandium;China;0,00;0,00;0,00
Scandium;na;0,00;0,00;0,00;Scandium;Russian Federation;0,00;0,00;0,00
Scandium;na;0,00;0,00;0,00;Scandium;Ukraine;0,00;0,00;0,00
Scandium;na;0,00;0,00;0,00;Scandium;Kazakhstan;0,00;0,00;0,00
Selenium;na;0,00;0,00;0,00;Selenium;China;0,00;0,00;0,00
Selenium;na;0,00;0,00;0,00;Selenium;Japan;0,00;0,00;0,00
Selenium;na;0,00;0,00;0,00;Selenium;Germany;0,00;0,00;0,00
Selenium;na;0,00;0,00;0,00;Selenium;Belgium;0,00;0,00;0,00
Selenium;na;0,00;0,00;0,00;Selenium;Russian Federation;0,00;0,00;0,00
Selenium;na;0,00;0,00;0,00;Selenium;Canada;0,00;0,00;0,00
Selenium;na;0,00;0,00;0,00;Selenium;Mexico;0,00;0,00;0,00
Selenium;na;0,00;0,00;0,00;Selenium;Finland;0,00;0,00;0,00
Selenium;na;0,00;0,00;0,00;Selenium;Poland;0,00;0,00;0,00
Selenium;na;0,00;0,00;0,00;Selenium;Other non EU;0,00;0,00;0,00
Selenium;na;0,00;0,00;0,00;Selenium;Philippines;0,00;0,00;0,00
Selenium;na;0,00;0,00;0,00;Selenium;Kazakhstan;0,00;0,00;0,00
Selenium;na;0,00;0,00;0,00;Selenium;Peru;0,00;0,00;0,00
Selenium;na;0,00;0,00;0,00;Selenium;Sweden;0,00;0,00;0,00
Silica sand;United States;0,45;2,92;1,00;Silica sand;na;0,00;0,00;0,00
Silica sand;Netherlands;0,20;2,19;0,80;Silica sand;na;0,00;0,00;0,00
Silica sand;Turkey;0,05;5,34;1,00;Silica sand;na;0,00;0,00;0,00
Silica sand;Italy;0,05;4,17;0,80;Silica sand;na;0,00;0,00;0,00
Silica sand;Malaysia;0,04;4,39;1,00;Silica sand;na;0,00;0,00;0,00
Silica sand;France;0,03;3,11;0,80;Silica sand;na;0,00;0,00;0,00
Silica sand;India;0,03;5,45;1,00;Silica sand;na;0,00;0,00;0,00
Silica sand;Germany;0,03;2,47;0,80;Silica sand;na;0,00;0,00;0,00
Silica sand;Bulgaria;0,03;4,73;0,80;Silica sand;na;0,00;0,00;0,00
Silica sand;Brazil;0,03;5,08;1,00;Silica sand;na;0,00;0,00;0,00
Silica sand;Spain;0,02;3,62;0,80;Silica sand;na;0,00;0,00;0,00
Silica sand;Poland;0,02;3,60;0,80;Silica sand;na;0,00;0,00;0,00
Silica sand;Korea, Rep.;0,02;3,74;1,00;Silica sand;na;0,00;0,00;0,00
Silica sand;na;0,00;0,00;0,00;Silica sand;na;0,00;0,00;0,00
Silica sand;na;0,00;0,00;0,00;Silica sand;na;0,00;0,00;0,00
Silica sand;na;0,00;0,00;0,00;Silica sand;na;0,00;0,00;0,00
Silica sand;na;0,00;0,00;0,00;Silica sand;na;0,00;0,00;0,00
Silica sand;na;0,00;0,00;0,00;Silica sand;na;0,00;0,00;0,00
Silica sand;na;0,00;0,00;0,00;Silica sand;na;0,00;0,00;0,00
Silica sand;na;0,00;0,00;0,00;Silica sand;na;0,00;0,00;0,00
Silica sand;na;0,00;0,00;0,00;Silica sand;na;0,00;0,00;0,00
Silica sand;na;0,00;0,00;0,00;Silica sand;na;0,00;0,00;0,00
Silica sand;na;0,00;0,00;0,00;Silica sand;na;0,00;0,00;0,00
Silica sand;na;0,00;0,00;0,00;Silica sand;na;0,00;0,00;0,00
Silica sand;na;0,00;0,00;0,00;Silica sand;na;0,00;0,00;0,00
Silica sand;na;0,00;0,00;0,00;Silica sand;na;0,00;0,00;0,00
Silica sand;na;0,00;0,00;0,00;Silica sand;na;0,00;0,00;0,00
Silica sand;na;0,00;0,00;0,00;Silica sand;na;0,00;0,00;0,00
Silica sand;na;0,00;0,00;0,00;Silica sand;na;0,00;0,00;0,00
Silicon metal;na;0,00;0,00;0,00;Silicon metal;China;0,00;0,00;0,00
Silicon metal;na;0,00;0,00;0,00;Silicon metal;United States;0,00;0,00;0,00
Silicon metal;na;0,00;0,00;0,00;Silicon metal;Brazil;0,00;0,00;0,00
Silicon metal;na;0,00;0,00;0,00;Silicon metal;Norway;0,00;0,00;0,00
Silicon metal;na;0,00;0,00;0,00;Silicon metal;France;0,00;0,00;0,00
Silicon metal;na;0,00;0,00;0,00;Silicon metal;South Africa;0,00;0,00;0,00
Silicon metal;na;0,00;0,00;0,00;Silicon metal;Australia;0,00;0,00;0,00
Silicon metal;na;0,00;0,00;0,00;Silicon metal;Russian Federation;0,00;0,00;0,00
Silicon metal;na;0,00;0,00;0,00;Silicon metal;Germany;0,00;0,00;0,00
Silicon metal;na;0,00;0,00;0,00;Silicon metal;Spain;0,00;0,00;0,00
Silicon metal;na;0,00;0,00;0,00;Silicon metal;Canada;0,00;0,00;0,00
Silver;Mexico;0,21;5,33;1,00;Silver;China;0,00;0,00;0,00
Silver;Peru;0,14;5,30;1,00;Silver;United States;0,00;0,00;0,00
Silver;China;0,13;5,83;1,10;Silver;India;0,00;0,00;0,00
Silver;Australia;0,06;2,36;1,00;Silver;Japan;0,00;0,00;0,00
Silver;Russian Federation;0,06;6,20;1,00;Silver;Germany;0,00;0,00;0,00
Silver;Chile;0,05;3,11;1,00;Silver;Other non EU;0,00;0,00;0,00
Silver;Poland;0,05;3,60;0,80;Silver;Canada;0,00;0,00;0,00
Silver;Bolivia;0,05;5,97;1,10;Silver;Thailand;0,00;0,00;0,00
Silver;United States;0,04;2,92;1,00;Silver;Italy;0,00;0,00;0,00
Silver;Kazakhstan;0,04;5,90;1,00;Silver;Russian Federation;0,00;0,00;0,00
Silver;Argentina;0,03;5,47;1,00;Silver;Korea, Rep.;0,00;0,00;0,00
Silver;Guatemala;0,02;6,00;1,00;Silver;United Kingdom;0,00;0,00;0,00
Silver;Canada;0,02;2,26;1,00;Silver;Mexico;0,00;0,00;0,00
Silver;Sweden;0,02;2,05;0,80;Silver;Australia;0,00;0,00;0,00
Silver;India;0,01;5,45;1,00;Silver;France;0,00;0,00;0,00
Silver;Other non EU;0,03;0,00;1,00;Silver;Taiwan, China;0,00;0,00;0,00
Silver;Turkey;0,01;5,34;1,00;Silver;Belgium;0,00;0,00;0,00
Silver;Morocco;0,01;5,48;1,00;Silver;Brazil;0,00;0,00;0,00
Silver;Indonesia;0,01;5,47;1,01;Silver;Austria;0,00;0,00;0,00
Silver;Other EU;0,01;0,00;0,80;Silver;Indonesia;0,00;0,00;0,00
Silver;na;0,00;0,00;0,00;Silver;Turkey;0,00;0,00;0,00
Silver;na;0,00;0,00;0,00;Silver;Hong Kong;0,00;0,00;0,00
Silver;na;0,00;0,00;0,00;Silver;Other EU;0,00;0,00;0,00
Silver;na;0,00;0,00;0,00;Silver;na;0,00;0,00;0,00
Silver;na;0,00;0,00;0,00;Silver;na;0,00;0,00;0,00
Silver;na;0,00;0,00;0,00;Silver;na;0,00;0,00;0,00
Silver;na;0,00;0,00;0,00;Silver;na;0,00;0,00;0,00
Silver;na;0,00;0,00;0,00;Silver;na;0,00;0,00;0,00
Silver;na;0,00;0,00;0,00;Silver;na;0,00;0,00;0,00
Silver;na;0,00;0,00;0,00;Silver;na;0,00;0,00;0,00
Strontium;Spain;0,31;3,62;0,80;Strontium;na;0,00;0,00;0,00
Strontium;Iran, Islamic Rep.;0,31;6,65;1,00;Strontium;na;0,00;0,00;0,00
Strontium;China;0,19;5,83;1,00;Strontium;na;0,00;0,00;0,00
Strontium;Mexico;0,17;5,33;1,00;Strontium;na;0,00;0,00;0,00
Strontium;Argentina;0,02;5,47;1,00;Strontium;na;0,00;0,00;0,00
Sulphur;na;0,00;0,00;0,00;Sulphur;China;0,00;0,00;0,00
Sulphur;na;0,00;0,00;0,00;Sulphur;United States;0,00;0,00;0,00
Sulphur;na;0,00;0,00;0,00;Sulphur;Russian Federation;0,00;0,00;0,00
Sulphur;na;0,00;0,00;0,00;Sulphur;Canada;0,00;0,00;0,00
Sulphur;na;0,00;0,00;0,00;Sulphur;Saudi Arabia;0,00;0,00;0,00
Sulphur;na;0,00;0,00;0,00;Sulphur;Japan;0,00;0,00;0,00
Sulphur;na;0,00;0,00;0,00;Sulphur;United Arab Emirates;0,00;0,00;0,00
Sulphur;na;0,00;0,00;0,00;Sulphur;Kazakhstan;0,00;0,00;0,00
Sulphur;na;0,00;0,00;0,00;Sulphur;India;0,00;0,00;0,00
Sulphur;na;0,00;0,00;0,00;Sulphur;Other non EU;0,00;0,00;0,00
Sulphur;na;0,00;0,00;0,00;Sulphur;Qatar;0,00;0,00;0,00
Sulphur;na;0,00;0,00;0,00;Sulphur;Iran, Islamic Rep.;0,00;0,00;0,00
Sulphur;na;0,00;0,00;0,00;Sulphur;Korea, Rep.;0,00;0,00;0,00
Sulphur;na;0,00;0,00;0,00;Sulphur;Chile;0,00;0,00;0,00
Sulphur;na;0,00;0,00;0,00;Sulphur;Mexico;0,00;0,00;0,00
Sulphur;na;0,00;0,00;0,00;Sulphur;Australia;0,00;0,00;0,00
Sulphur;na;0,00;0,00;0,00;Sulphur;Finland;0,00;0,00;0,00
Sulphur;na;0,00;0,00;0,00;Sulphur;Kuwait;0,00;0,00;0,00
Sulphur;na;0,00;0,00;0,00;Sulphur;Venezuela, Rb;0,00;0,00;0,00
Sulphur;na;0,00;0,00;0,00;Sulphur;Poland;0,00;0,00;0,00
Sulphur;na;0,00;0,00;0,00;Sulphur;Italy;0,00;0,00;0,00
Sulphur;na;0,00;0,00;0,00;Sulphur;Germany;0,00;0,00;0,00
Sulphur;na;0,00;0,00;0,00;Sulphur;Spain;0,00;0,00;0,00
Sulphur;na;0,00;0,00;0,00;Sulphur;Peru;0,00;0,00;0,00
Sulphur;na;0,00;0,00;0,00;Sulphur;Brazil;0,00;0,00;0,00
Sulphur;na;0,00;0,00;0,00;Sulphur;Indonesia;0,00;0,00;0,00
Sulphur;na;0,00;0,00;0,00;Sulphur;Philippines;0,00;0,00;0,00
Sulphur;na;0,00;0,00;0,00;Sulphur;na;0,00;0,00;0,00
Sulphur;na;0,00;0,00;0,00;Sulphur;na;0,00;0,00;0,00
Sulphur;na;0,00;0,00;0,00;Sulphur;na;0,00;0,00;0,00
Talc;China;0,26;5,83;1,25;Talc;na;0,00;0,00;0,00
Talc;India;0,13;5,45;1,00;Talc;na;0,00;0,00;0,00
Talc;Brazil;0,08;5,08;1,00;Talc;na;0,00;0,00;0,00
Talc;United states;0,08;2,92;1,00;Talc;na;0,00;0,00;0,00
Talc;Korea, Rep.;0,08;3,74;1,00;Talc;na;0,00;0,00;0,00
Talc;Mexico;0,06;5,33;1,00;Talc;na;0,00;0,00;0,00
Talc;Japan;0,05;2,77;1,00;Talc;na;0,00;0,00;0,00
Talc;France;0,05;3,11;0,80;Talc;na;0,00;0,00;0,00
Talc;Finland;0,05;1,98;0,80;Talc;na;0,00;0,00;0,00
Talc;Other non EU;0,04;0,00;1,00;Talc;na;0,00;0,00;0,00
Talc;Canada;0,02;2,26;1,00;Talc;na;0,00;0,00;0,00
Talc;Italy;0,02;4,17;0,80;Talc;na;0,00;0,00;0,00
Talc;Turkey;0,02;5,34;1,00;Talc;na;0,00;0,00;0,00
Talc;Russian Federation;0,02;6,20;1,00;Talc;na;0,00;0,00;0,00
Talc;Austria;0,02;2,50;0,80;Talc;na;0,00;0,00;0,00
Talc;Australia;0,01;2,36;1,00;Talc;na;0,00;0,00;0,00
Talc;Iran, Islamic Rep.;0,01;6,65;1,00;Talc;na;0,00;0,00;0,00
Talc;na;0,00;0,00;0,00;Talc;na;0,00;0,00;0,00
Tantalum;Congo, D.R.;0,33;7,60;1,00;Tantalum;na;0,00;0,00;0,00
Tantalum;Rwanda;0,28;5,17;1,10;Tantalum;na;0,00;0,00;0,00
Tantalum;Brazil;0,09;5,08;1,00;Tantalum;na;0,00;0,00;0,00
Tantalum;China;0,06;5,83;1,20;Tantalum;na;0,00;0,00;0,00
Tantalum;Ethiopia;0,06;6,52;1,00;Tantalum;na;0,00;0,00;0,00
Tantalum;Nigeria;0,05;6,83;1,00;Tantalum;na;0,00;0,00;0,00
Tantalum;Mozambique;0,05;5,93;1,00;Tantalum;na;0,00;0,00;0,00
Tantalum;Russian Federation;0,03;6,20;1,00;Tantalum;na;0,00;0,00;0,00
Tantalum;Burundi;0,02;7,00;1,10;Tantalum;na;0,00;0,00;0,00
Tantalum;Malaysia;0,01;4,39;1,00;Tantalum;na;0,00;0,00;0,00
Tantalum;Australia;0,01;2,36;1,00;Tantalum;na;0,00;0,00;0,00
Tantalum;Canada;0,01;2,26;1,00;Tantalum;na;0,00;0,00;0,00
Tantalum;na;0,00;0,00;0,00;Tantalum;na;0,00;0,00;0,00
Tantalum;na;0,00;0,00;0,00;Tantalum;na;0,00;0,00;0,00
Tellurium;na;0,00;0,00;0,00;Tellurium;China;0,00;0,00;0,00
Tellurium;na;0,00;0,00;0,00;Tellurium;United States;0,00;0,00;0,00
Tellurium;na;0,00;0,00;0,00;Tellurium;Japan;0,00;0,00;0,00
Tellurium;na;0,00;0,00;0,00;Tellurium;Russian Federation;0,00;0,00;0,00
Tellurium;na;0,00;0,00;0,00;Tellurium;Sweden;0,00;0,00;0,00
Tellurium;na;0,00;0,00;0,00;Tellurium;Canada;0,00;0,00;0,00
Tellurium;na;0,00;0,00;0,00;Tellurium;Peru;0,00;0,00;0,00
Tellurium;na;0,00;0,00;0,00;Tellurium;Bulgaria;0,00;0,00;0,00
Terbium;China;0,86;5,83;1,59;Terbium;na;0,00;0,00;0,00
Terbium;Australia;0,06;2,36;1,00;Terbium;na;0,00;0,00;0,00
Terbium;United States;0,02;2,92;1,00;Terbium;na;0,00;0,00;0,00
Terbium;Russian Federation;0,02;6,20;1,00;Terbium;na;0,00;0,00;0,00
Terbium;India;0,01;5,45;1,00;Terbium;na;0,00;0,00;0,00
Terbium;Brazil;0,01;5,08;1,00;Terbium;na;0,00;0,00;0,00
Terbium;Thailand;0,01;5,50;1,00;Terbium;na;0,00;0,00;0,00
Terbium;Malaysia;0,01;4,39;1,00;Terbium;na;0,00;0,00;0,00
Terbium;na;0,00;0,00;0,00;Terbium;na;0,00;0,00;0,00
Tin;China;0,35;5,83;1,29;Tin;China;0,00;0,00;0,00
Tin;Indonesia;0,27;5,47;1,00;Tin;Indonesia;0,00;0,00;0,00
Tin;Myanmar;0,10;6,95;1,00;Tin;Malaysia;0,00;0,00;0,00
Tin;Peru;0,07;5,30;1,00;Tin;Peru;0,00;0,00;0,00
Tin;Bolivia;0,06;5,97;1,10;Tin;Thailand;0,00;0,00;0,00
Tin;Brazil;0,06;5,08;1,00;Tin;Brazil;0,00;0,00;0,00
Tin;Australia;0,02;2,36;1,00;Tin;Bolivia;0,00;0,00;0,00
Tin;Congo, D.R.;0,02;7,60;1,00;Tin;Belgium;0,00;0,00;0,00
Tin;Vietnam;0,02;5,75;1,20;Tin;Other non EU;0,00;0,00;0,00
Tin;Other non EU;0,01;0,00;1,00;Tin;Vietnam;0,00;0,00;0,00
Tin;Malaysia;0,01;4,39;1,00;Tin;Poland;0,00;0,00;0,00
Tin;Rwanda;0,01;5,17;1,10;Tin;na;0,00;0,00;0,00
Tin;na;0,00;0,00;0,00;Tin;na;0,00;0,00;0,00
Titanium;Canada;0,19;2,26;1,00;Titanium;China;0,00;0,00;0,00
Titanium;China;0,15;5,83;1,10;Titanium;Russian Federation;0,00;0,00;0,00
Titanium;Australia;0,13;2,36;1,00;Titanium;Japan;0,00;0,00;0,00
Titanium;South Africa;0,12;4,65;1,00;Titanium;Kazakhstan;0,00;0,00;0,00
Titanium;Mozambique;0,06;5,93;1,00;Titanium;Ukraine;0,00;0,00;0,00
Titanium;Norway;0,06;2,03;1,00;Titanium;na;0,00;0,00;0,00
Titanium;Ukraine;0,06;6,23;1,00;Titanium;na;0,00;0,00;0,00
Titanium;India;0,05;5,45;1,10;Titanium;na;0,00;0,00;0,00
Titanium;Vietnam;0,05;5,75;1,20;Titanium;na;0,00;0,00;0,00
Titanium;Madagascar;0,03;6,26;1,00;Titanium;na;0,00;0,00;0,00
Titanium;Kenya;0,02;6,03;1,00;Titanium;na;0,00;0,00;0,00
Titanium;Korea, Dem. Rep.;0,02;7,74;1,00;Titanium;na;0,00;0,00;0,00
Titanium;Senegal;0,02;5,21;1,00;Titanium;na;0,00;0,00;0,00
Titanium;United States;0,01;2,92;1,00;Titanium;na;0,00;0,00;0,00
Titanium;Sierra Leone;0,01;6,17;1,10;Titanium;na;0,00;0,00;0,00
Titanium;Russian Federation;0,01;6,20;1,00;Titanium;na;0,00;0,00;0,00
Titanium;Brazil;0,01;5,08;1,00;Titanium;na;0,00;0,00;0,00
Titanium;na;0,00;0,00;0,00;Titanium;na;0,00;0,00;0,00
Titanium;na;0,00;0,00;0,00;Titanium;na;0,00;0,00;0,00
Titanium;na;0,00;0,00;0,00;Titanium;na;0,00;0,00;0,00
Tungsten;China;0,82;5,83;1,78;Tungsten;China;0,69;5,83;1,00
Tungsten;Russian Federation;0,04;6,20;1,10;Tungsten;Vietnam;0,07;5,75;1,00
Tungsten;Vietnam;0,04;5,75;1,20;Tungsten;United States;0,06;2,92;1,00
Tungsten;Canada;0,02;2,26;1,00;Tungsten;Russian federation;0,06;6,20;1,00
Tungsten;Bolivia;0,01;5,97;1,00;Tungsten;Brazil;0,04;5,08;1,00
Tungsten;Rwanda;0,01;5,17;1,10;Tungsten;Austria;0,01;2,50;0,80
Tungsten;Austria;0,01;2,50;0,80;Tungsten;Germany;0,01;2,47;0,80
Tungsten;Portugal;0,01;3,34;0,80;Tungsten;India;0,01;5,45;1,00
Tungsten;Spain;0,01;3,62;0,80;Tungsten;Japan;0,01;2,77;1,00
Tungsten;Mongolia;0,01;5,18;1,00;Tungsten;Uzbekistan;0,01;6,98;1,00
Tungsten;Brazil;0,01;5,08;1,00;Tungsten;Korea, Rep.;0,01;3,74;1,00
Tungsten;United Kingdom;0,01;2,60;1,00;Tungsten;Others;0,02;0,00;1,00
Tungsten;na;0,00;0,00;0,00;Tungsten;na;0,00;0,00;0,00
Tungsten;na;0,00;0,00;0,00;Tungsten;na;0,00;0,00;0,00
Tungsten;na;0,00;0,00;0,00;Tungsten;na;0,00;0,00;0,00
Tungsten;na;0,00;0,00;0,00;Tungsten;na;0,00;0,00;0,00
Tungsten;na;0,00;0,00;0,00;Tungsten;na;0,00;0,00;0,00
Tungsten;na;0,00;0,00;0,00;Tungsten;na;0,00;0,00;0,00
Tungsten;na;0,00;0,00;0,00;Tungsten;na;0,00;0,00;0,00
Tungsten;na;0,00;0,00;0,00;Tungsten;na;0,00;0,00;0,00
Tungsten;na;0,00;0,00;0,00;Tungsten;na;0,00;0,00;0,00
Tungsten;na;0,00;0,00;0,00;Tungsten;na;0,00;0,00;0,00
Tungsten;na;0,00;0,00;0,00;Tungsten;na;0,00;0,00;0,00
Vanadium;China;0,39;5,83;1,00;Vanadium;China;0,57;5,83;1,10
Vanadium;South Africa;0,32;4,65;1,00;Vanadium;South Africa;0,14;4,65;1,00
Vanadium;Russian Federation;0,25;6,20;1,00;Vanadium;Russian Federation;0,09;6,20;1,00
Vanadium;Brazil;0,03;5,08;1,00;Vanadium;United States;0,05;2,92;1,00
Vanadium;Kazakhstan;0,01;5,90;1,00;Vanadium;Brazil;0,03;5,08;1,00
Vanadium;na;0,00;0,00;0,00;Vanadium;Japan;0,02;2,77;1,00
Vanadium;na;0,00;0,00;0,00;Vanadium;Korea, Rep.;0,01;3,74;1,00
Vanadium;na;0,00;0,00;0,00;Vanadium;Taiwan, China;0,00;3,27;1,00
Vanadium;na;0,00;0,00;0,00;Vanadium;India;0,01;5,45;1,00
Vanadium;na;0,00;0,00;0,00;Vanadium;Austria;0,08;2,50;0,80
Vanadium;na;0,00;0,00;0,00;Vanadium;Germany;0,00;2,47;0,80
Vanadium;na;0,00;0,00;0,00;Vanadium;Other non EU;0,00;0,00;1,00
Yttrium;China;0,86;5,83;1,59;Yttrium;na;0,00;0,00;0,00
Yttrium;Australia;0,06;2,36;1,00;Yttrium;na;0,00;0,00;0,00
Yttrium;United States;0,02;2,92;1,00;Yttrium;na;0,00;0,00;0,00
Yttrium;Russian Federation;0,02;6,20;1,00;Yttrium;na;0,00;0,00;0,00
Yttrium;India;0,01;5,45;1,00;Yttrium;na;0,00;0,00;0,00
Yttrium;Brazil;0,01;5,08;1,00;Yttrium;na;0,00;0,00;0,00
Yttrium;Thailand;0,01;5,50;1,00;Yttrium;na;0,00;0,00;0,00
Yttrium;Malaysia;0,01;4,39;1,00;Yttrium;na;0,00;0,00;0,00
Yttrium;na;0,00;0,00;0,00;Yttrium;na;0,00;0,00;0,00
Zinc;China;0,37;5,83;1,20;Zinc;China;0,42;5,83;1,10
Zinc;Australia;0,11;2,36;1,00;Zinc;Korea, Dem. Rep.;0,07;7,74;1,00
Zinc;Peru;0,10;5,30;1,00;Zinc;India;0,05;5,45;1,00
Zinc;United States;0,06;2,92;1,00;Zinc;Canada;0,05;2,26;1,00
Zinc;India;0,06;5,45;1,00;Zinc;Japan;0,04;2,77;1,00
Zinc;Mexico;0,05;5,33;1,00;Zinc;Spain;0,04;3,62;0,80
Zinc;Other non EU;0,04;0,00;1,00;Zinc;Australia;0,04;2,36;1,00
Zinc;Bolivia;0,03;5,97;1,00;Zinc;Peru;0,03;5,30;1,00
Zinc;Canada;0,03;2,26;1,00;Zinc;Other non EU;0,05;0,00;1,00
Zinc;Kazakhstan;0,03;5,90;1,00;Zinc;Mexico;0,02;5,33;1,00
Zinc;Ireland;0,02;2,58;0,80;Zinc;Kazakhstan;0,02;5,90;1,00
Zinc;Other EU;0,02;0,00;0,80;Zinc;Finland;0,02;1,98;0,80
Zinc;Sweden;0,02;2,05;0,80;Zinc;Netherlands;0,02;2,19;0,80
Zinc;Russian Federation;0,02;6,20;1,00;Zinc;Brazil;0,02;5,08;1,00
Zinc;Turkey;0,01;5,34;1,00;Zinc;Belgium;0,02;2,81;0,80
Zinc;Namibia;0,01;4,44;1,00;Zinc;Russian Federation;0,02;6,20;1,00
Zinc;Brazil;0,01;5,08;1,00;Zinc;Other EU;0,01;0,00;0,80
Zinc;Iran, Islamic Rep.;0,01;6,65;1,00;Zinc;United States;0,01;2,92;1,00
Zinc;na;0,00;0,00;0,00;Zinc;Germany;0,01;2,47;0,80
Zinc;na;0,00;0,00;0,00;Zinc;France;0,01;3,11;0,80
Zinc;na;0,00;0,00;0,00;Zinc;Norway;0,01;2,03;1,00
Zinc;na;0,00;0,00;0,00;Zinc;Poland;0,01;3,60;0,80
Zinc;na;0,00;0,00;0,00;Zinc;Iran, Islamic Rep.;0,01;6,65;1,00
Zirconium;Australia;0,42;2,36;1,00;Zirconium;na;0,00;0,00;0,00
Zirconium;South Africa;0,25;4,65;1,00;Zirconium;na;0,00;0,00;0,00
Zirconium;China;0,10;5,83;1,10;Zirconium;na;0,00;0,00;0,00
Zirconium;United States;0,05;2,92;1,00;Zirconium;na;0,00;0,00;0,00
Zirconium;Mozambique;0,03;5,93;1,00;Zirconium;na;0,00;0,00;0,00
Zirconium;Indonesia;0,03;5,47;1,03;Zirconium;na;0,00;0,00;0,00
Zirconium;Ukraine;0,02;6,23;1,00;Zirconium;na;0,00;0,00;0,00
Zirconium;Brazil;0,02;5,08;1,00;Zirconium;na;0,00;0,00;0,00
Zirconium;Madagascar;0,02;6,26;1,00;Zirconium;na;0,00;0,00;0,00
Zirconium;Senegal;0,02;5,21;1,00;Zirconium;na;0,00;0,00;0,00
Zirconium;India;0,01;5,45;1,00;Zirconium;na;0,00;0,00;0,00
Zirconium;Vietnam;0,01;5,75;1,10;Zirconium;na;0,00;0,00;0,00
Zirconium;Kenya;0,01;6,03;1,00;Zirconium;na;0,00;0,00;0,00
Zirconium;Russian federation;0,01;6,20;1,00;Zirconium;na;0,00;0,00;0,00
Zirconium;na;0,00;0,00;0,00;Zirconium;na;0,00;0,00;0,00
Zirconium;na;0,00;0,00;0,00;Zirconium;na;0,00;0,00;0,00
Zirconium;na;0,00;0,00;0,00;Zirconium;na;0,00;0,00;0,00
Zirconium;na;0,00;0,00;0,00;Zirconium;na;0,00;0,00;0,00
Zirconium;na;0,00;0,00;0,00;Zirconium;na;0,00;0,00;0,00
